pref,muni,records,years,first_year,last_year,area_takuchi_km2,yukaue,yukashita,kubochi_records,buildings
宮城県,石巻市,428,9,2010,2022,20.632,631.0,11041.0,1,11672.0
大阪府,守口市,102,3,2012,2016,0.675,649.0,7325.0,0,7974.0
大阪府,寝屋川市,18,4,2010,2014,0.483,1241.0,5249.0,1,6490.0
福岡県,久留米市,169,8,2010,2023,43.174,2189.0,3903.0,0,6092.0
秋田県,秋田市,621,12,2010,2023,10.484,1881.0,3692.0,0,5573.0
福岡県,小郡市,73,6,2010,2023,7.473,4612.0,324.0,0,4936.0
岡山県,倉敷市,379,10,2010,2022,0.67,623.0,4160.0,8,4783.0
佐賀県,佐賀市,109,8,2010,2023,5.757,656.0,3887.0,3,4543.0
兵庫県,高砂市,142,1,2011,2011,110.514,1033.0,3312.0,0,4345.0
岡山県,岡山市北区,219,7,2010,2022,10.676,1258.0,2882.0,0,4140.0
新潟県,三条市,284,6,2010,2018,1.346,2337.0,1625.0,0,3962.0
京都府,福知山市,104,6,2013,2023,0.664,1579.0,2281.0,4,3860.0
岡山県,岡山市南区,164,5,2010,2018,2.747,91.0,3611.0,0,3702.0
大阪府,枚方市,65,1,2012,2012,0.467,297.0,3274.0,0,3571.0
新潟県,長岡市,571,5,2010,2019,0.6,894.0,2323.0,1,3217.0
静岡県,静岡市清水区,274,5,2014,2023,10.783,1964.0,1122.0,7,3086.0
埼玉県,越谷市,101,3,2013,2015,9.353,526.0,2548.0,0,3074.0
佐賀県,武雄市,185,9,2010,2021,6.017,1637.0,1021.0,0,2658.0
広島県,福山市,140,10,2010,2021,0.539,1185.0,1358.0,120,2543.0
佐賀県,白石町,225,9,2010,2021,8.608,160.0,2379.0,91,2539.0
大阪府,門真市,47,1,2012,2012,0.187,335.0,2011.0,0,2346.0
愛媛県,宇和島市,76,7,2011,2021,0.084,1230.0,1100.0,0,2330.0
岩手県,宮古市,373,5,2010,2019,6.099,1136.0,1111.0,0,2247.0
京都府,舞鶴市,156,11,2011,2023,1.047,706.0,1523.0,3,2229.0
三重県,伊勢市,168,11,2010,2023,0.556,1318.0,859.0,6,2177.0
京都府,宇治市,70,8,2011,2021,0.969,617.0,1546.0,0,2163.0
栃木県,栃木市,143,6,2011,2019,3.576,411.0,1619.0,0,2030.0
愛知県,名古屋市中村区,38,6,2011,2019,10.864,131.0,1781.0,0,1912.0
埼玉県,春日部市,108,5,2010,2019,0.605,154.0,1559.0,0,1713.0
和歌山県,新宮市,29,6,2010,2022,3.114,864.0,836.0,0,1700.0
宮城県,角田市,255,9,2010,2019,1.877,11.0,1667.0,5,1678.0
兵庫県,姫路市,377,10,2010,2022,0.171,474.0,1167.0,0,1641.0
秋田県,大仙市,386,12,2010,2023,4.114,570.0,933.0,0,1503.0
福島県,郡山市,216,9,2010,2019,2.666,877.0,574.0,14,1451.0
愛知県,名古屋市西区,27,4,2011,2016,10.437,98.0,1341.0,0,1439.0
愛知県,江南市,273,6,2011,2023,1.161,218.0,1143.0,0,1361.0
愛知県,一宮市,193,12,2010,2022,1.216,240.0,1072.0,3,1312.0
愛知県,名古屋市中川区,40,7,2011,2021,12.947,185.0,1123.0,0,1308.0
宮城県,柴田町,97,8,2010,2019,1.344,520.0,749.0,0,1269.0
宮城県,大崎市,256,8,2011,2022,10.209,254.0,988.0,0,1242.0
和歌山県,海南市,94,7,2012,2018,0.897,114.0,1098.0,0,1212.0
京都府,八幡市,2,2,2012,2013,2.099,58.0,1136.0,0,1194.0
佐賀県,小城市,48,8,2010,2021,1.965,461.0,706.0,0,1167.0
栃木県,鹿沼市,143,6,2010,2019,10.149,296.0,838.0,0,1134.0
静岡県,浜松市東区,39,4,2013,2023,8.735,224.0,907.0,0,1131.0
鹿児島県,奄美市,96,4,2010,2015,0.114,322.0,805.0,0,1127.0
和歌山県,和歌山市,118,8,2010,2023,0.765,266.0,859.0,4,1125.0
静岡県,静岡市葵区,219,3,2014,2023,2.253,556.0,535.0,0,1091.0
鹿児島県,瀬戸内町,140,5,2010,2023,0.168,194.0,851.0,0,1045.0
埼玉県,朝霞市,299,10,2010,2020,0.085,414.0,593.0,201,1007.0
福岡県,飯塚市,55,7,2010,2023,1.57,535.0,454.0,0,989.0
和歌山県,有田市,75,11,2011,2023,2.336,213.0,768.0,6,981.0
新潟県,魚沼市,190,5,2011,2023,0.569,174.0,763.0,7,937.0
栃木県,小山市,59,6,2011,2019,10.749,249.0,683.0,0,932.0
徳島県,小松島市,167,7,2011,2018,0.089,201.0,728.0,0,929.0
埼玉県,さいたま市桜区,128,8,2013,2023,0.785,649.0,280.0,0,929.0
秋田県,大館市,182,7,2010,2022,0.305,469.0,447.0,0,916.0
大阪府,高槻市,93,2,2012,2013,0.131,240.0,652.0,0,892.0
岡山県,岡山市中区,106,4,2010,2018,0.597,59.0,827.0,0,886.0
富山県,高岡市,145,6,2011,2023,1.448,274.0,606.0,0,880.0
埼玉県,川越市,35,6,2011,2022,0.271,326.0,550.0,1,876.0
埼玉県,川口市,198,8,2010,2023,0.115,270.0,574.0,2,844.0
愛知県,名古屋市北区,28,4,2011,2021,4.26,23.0,787.0,0,810.0
徳島県,阿南市,126,7,2011,2018,0.267,86.0,712.0,31,798.0
兵庫県,豊岡市,291,7,2011,2023,0.38,452.0,342.0,0,794.0
大分県,日田市,11,3,2012,2018,0.38,266.0,525.0,0,791.0
高知県,高知市,97,3,2010,2015,1.977,318.0,459.0,0,777.0
山口県,山口市,108,6,2010,2023,0.351,154.0,621.0,0,775.0
広島県,呉市,66,3,2010,2018,0.706,284.0,472.0,0,756.0
兵庫県,洲本市,272,8,2010,2018,0.27,76.0,678.0,0,754.0
大分県,佐伯市,165,10,2011,2022,0.787,191.0,536.0,42,727.0
石川県,小松市,60,5,2012,2022,0.126,205.0,519.0,0,724.0
岡山県,玉野市,62,4,2011,2017,5.738,371.0,353.0,0,724.0
兵庫県,加古川市,160,7,2011,2018,1.391,161.0,563.0,1,724.0
宮崎県,宮崎市,144,9,2012,2022,2.239,194.0,526.0,101,720.0
宮城県,仙台市宮城野区,31,5,2010,2019,0.207,494.0,224.0,0,718.0
長野県,長野市,79,9,2010,2023,1.187,28.0,686.0,1,714.0
新潟県,見附市,38,5,2010,2017,11.808,94.0,602.0,0,696.0
宮城県,気仙沼市,41,5,2012,2019,0.784,344.0,339.0,2,683.0
大分県,臼杵市,25,2,2017,2018,0.664,108.0,553.0,0,661.0
埼玉県,ふじみ野市,30,4,2015,2019,0.212,301.0,356.0,8,657.0
岐阜県,多治見市,105,3,2010,2013,0.422,442.0,212.0,0,654.0
岐阜県,大垣市,103,6,2011,2022,0.995,15.0,633.0,1,648.0
京都府,綾部市,201,6,2011,2023,1.882,90.0,549.0,2,639.0
静岡県,浜松市浜北区,30,7,2010,2023,3.615,183.0,451.0,0,634.0
千葉県,茂原市,11,3,2013,2023,1.466,309.0,321.0,0,630.0
富山県,富山市,135,11,2010,2023,0.324,50.0,579.0,1,629.0
大阪府,大東市,48,3,2012,2017,0.018,48.0,571.0,0,619.0
高知県,四万十市,82,5,2011,2021,1.724,458.0,157.0,0,615.0
秋田県,能代市,159,12,2010,2023,8.422,120.0,492.0,1,612.0
静岡県,伊豆の国市,27,2,2010,2019,0.892,303.0,308.0,26,611.0
山口県,岩国市,68,4,2010,2022,2.849,65.0,542.0,0,607.0
福島県,いわき市,84,7,2010,2016,1.54,237.0,365.0,0,602.0
千葉県,我孫子市,17,8,2010,2023,0.074,135.0,464.0,6,599.0
京都府,京都市伏見区,51,6,2010,2020,0.049,261.0,333.0,0,594.0
広島県,尾道市,49,4,2013,2021,0.074,252.0,332.0,0,584.0
大分県,津久見市,17,2,2016,2017,0.711,258.0,312.0,0,570.0
愛媛県,西条市,168,7,2011,2020,0.217,93.0,471.0,0,564.0
埼玉県,羽生市,43,7,2010,2019,0.295,40.0,504.0,0,544.0
埼玉県,さいたま市岩槻区,84,7,2013,2023,0.33,156.0,388.0,0,544.0
埼玉県,幸手市,40,9,2011,2022,0.294,93.0,445.0,0,538.0
宮崎県,延岡市,174,7,2011,2022,5.708,265.0,268.0,1,533.0
神奈川県,川崎市高津区,12,7,2013,2020,0.056,323.0,209.0,0,532.0
長野県,飯山市,31,4,2017,2021,0.634,120.0,410.0,0,530.0
静岡県,焼津市,121,7,2010,2022,7.344,308.0,221.0,0,529.0
徳島県,海陽町,33,5,2011,2021,1.343,93.0,432.0,0,525.0
大阪府,東大阪市,281,8,2010,2022,0.094,85.0,436.0,68,521.0
福岡県,みやま市,72,5,2012,2021,3.988,32.0,486.0,0,518.0
埼玉県,松伏町,4,3,2013,2023,0.551,139.0,369.0,0,508.0
神奈川県,川崎市中原区,7,3,2014,2019,0.065,373.0,133.0,0,506.0
高知県,宿毛市,16,3,2014,2019,0.038,68.0,437.0,0,505.0
京都府,京都市右京区,104,8,2010,2020,0.054,190.0,310.0,0,500.0
静岡県,函南町,3,2,2019,2021,0.48,360.0,134.0,0,494.0
大阪府,大阪市東淀川区,2,1,2012,2012,0.024,59.0,429.0,0,488.0
新潟県,南魚沼市,102,6,2011,2022,0.126,99.0,388.0,0,487.0
三重県,津市,85,8,2010,2018,0.09,110.0,372.0,0,482.0
神奈川県,平塚市,68,5,2013,2021,0.116,95.0,385.0,1,480.0
石川県,七尾市,171,10,2010,2023,0.033,58.0,419.0,5,477.0
福島県,福島市,86,11,2010,2023,0.46,258.0,215.0,0,473.0
千葉県,松戸市,32,6,2010,2018,0.086,139.0,325.0,7,464.0
徳島県,徳島市,99,5,2011,2018,0.071,127.0,330.0,1,457.0
三重県,四日市市,58,6,2011,2022,0.067,50.0,405.0,6,455.0
兵庫県,多可町,73,3,2010,2018,0.11,31.0,423.0,0,454.0
宮城県,松島町,82,7,2011,2022,2.232,180.0,272.0,0,452.0
和歌山県,紀の川市,38,7,2011,2023,2.233,169.0,282.0,5,451.0
埼玉県,草加市,109,6,2010,2023,0.22,91.0,359.0,1,450.0
宮崎県,日向市,75,8,2011,2023,0.949,205.0,243.0,1,448.0
和歌山県,田辺市,50,5,2011,2017,0.203,153.0,294.0,0,447.0
新潟県,上越市,180,10,2011,2023,0.469,108.0,338.0,0,446.0
静岡県,袋井市,32,7,2012,2023,0.095,180.0,262.0,0,442.0
和歌山県,那智勝浦町,8,2,2017,2018,0.087,18.0,420.0,0,438.0
岩手県,紫波町,125,2,2013,2017,0.319,110.0,328.0,0,438.0
三重県,鈴鹿市,36,7,2011,2017,0.073,24.0,413.0,0,437.0
愛媛県,松山市,125,7,2010,2022,0.086,31.0,400.0,0,431.0
宮崎県,都城市,180,9,2010,2022,1.465,101.0,323.0,0,424.0
茨城県,境町,53,3,2014,2019,0.794,104.0,309.0,0,413.0
静岡県,富士市,119,6,2010,2023,0.29,110.0,290.0,4,400.0
東京都,板橋区,84,8,2010,2019,0.034,290.0,109.0,0,399.0
新潟県,村上市,82,5,2010,2022,0.695,78.0,317.0,0,395.0
熊本県,宇城市,46,5,2011,2020,2.097,84.0,309.0,2,393.0
滋賀県,甲賀市,48,2,2013,2014,0.142,159.0,234.0,1,393.0
新潟県,新潟市,120,1,2011,2011,0.048,53.0,334.0,0,387.0
福島県,伊達市,90,5,2010,2019,0.167,22.0,364.0,0,386.0
福岡県,嘉麻市,44,3,2010,2018,0.346,111.0,274.0,0,385.0
京都府,宮津市,45,4,2013,2023,0.117,12.0,372.0,0,384.0
宮城県,多賀城市,29,2,2011,2014,0.546,49.0,318.0,0,367.0
兵庫県,加西市,124,5,2011,2018,0.112,24.0,339.0,0,363.0
高知県,いの町,56,3,2010,2019,1.545,173.0,187.0,0,360.0
岡山県,井原市,40,4,2010,2018,0.087,217.0,142.0,0,359.0
佐賀県,江北町,21,3,2012,2021,16.627,14.0,345.0,0,359.0
愛知県,名古屋市守山区,37,5,2011,2023,0.099,70.0,287.0,0,357.0
兵庫県,西脇市,63,7,2010,2023,0.785,108.0,249.0,0,357.0
福岡県,うきは市,53,6,2012,2023,0.236,98.0,257.0,0,355.0
岡山県,岡山市東区,67,6,2011,2018,2.02,60.0,294.0,0,354.0
東京都,練馬区,119,10,2010,2020,0.029,223.0,130.0,0,353.0
静岡県,藤枝市,37,6,2012,2023,0.242,173.0,179.0,3,352.0
神奈川県,小田原市,58,3,2010,2021,0.134,39.0,312.0,2,351.0
宮城県,大河原町,23,5,2011,2019,1.418,136.0,214.0,1,350.0
宮城県,丸森町,53,5,2011,2019,9.806,5.0,342.0,2,347.0
愛知県,春日井市,79,7,2011,2021,1.451,153.0,194.0,13,347.0
宮城県,仙台市若林区,40,6,2010,2019,0.159,205.0,141.0,0,346.0
静岡県,磐田市,23,5,2014,2023,1.633,161.0,185.0,0,346.0
宮城県,登米市,119,6,2010,2022,0.664,36.0,307.0,9,343.0
徳島県,鳴門市,108,9,2011,2022,0.066,84.0,258.0,0,342.0
千葉県,市川市,74,4,2010,2015,0.061,151.0,190.0,0,341.0
青森県,青森市,99,6,2010,2022,0.574,36.0,304.0,16,340.0
愛知県,西尾市,94,7,2011,2023,0.082,93.0,247.0,8,340.0
秋田県,鹿角市,277,10,2010,2022,0.171,28.0,306.0,0,334.0
宮城県,仙台市太白区,26,8,2010,2019,0.11,138.0,194.0,0,332.0
静岡県,静岡市駿河区,80,5,2014,2023,1.251,163.0,168.0,1,331.0
京都府,京丹後市,127,10,2010,2023,0.119,45.0,285.0,0,330.0
秋田県,仙北市,93,5,2010,2023,0.409,56.0,274.0,26,330.0
島根県,浜田市,96,2,2013,2017,0.055,61.0,265.0,0,326.0
岩手県,釜石市,22,6,2012,2019,0.263,139.0,182.0,3,321.0
群馬県,伊勢崎市,85,7,2010,2023,0.045,81.0,233.0,1,314.0
宮城県,涌谷町,34,9,2010,2022,0.145,58.0,255.0,11,313.0
高知県,日高村,8,1,2014,2014,0.031,206.0,104.0,0,310.0
東京都,狛江市,18,5,2010,2019,0.114,104.0,199.0,0,303.0
秋田県,五城目町,43,4,2011,2023,0.293,60.0,240.0,0,300.0
広島県,東広島市,38,4,2010,2023,0.343,110.0,190.0,0,300.0
三重県,紀北町,28,5,2011,2023,0.149,66.0,232.0,0,298.0
鹿児島県,龍郷町,36,3,2010,2012,0.103,34.0,263.0,0,297.0
千葉県,船橋市,85,6,2010,2023,0.086,108.0,189.0,1,297.0
高知県,四万十町,4,4,2012,2021,0.037,167.0,129.0,0,296.0
岩手県,一関市,48,9,2010,2023,0.66,224.0,71.0,0,295.0
長野県,諏訪市,40,4,2013,2021,0.052,6.0,286.0,0,292.0
京都府,城陽市,12,4,2010,2016,0.024,40.0,250.0,0,290.0
静岡県,浜松市南区,26,8,2010,2023,6.443,76.0,214.0,0,290.0
秋田県,横手市,53,7,2010,2019,0.518,3.0,286.0,0,289.0
岐阜県,可児市,130,3,2010,2021,0.363,123.0,165.0,0,288.0
鳥取県,倉吉市,94,7,2011,2023,0.132,22.0,265.0,8,287.0
京都府,亀岡市,112,5,2010,2015,0.055,97.0,189.0,0,286.0
千葉県,市原市,117,9,2010,2023,0.07,85.0,200.0,21,285.0
静岡県,浜松市天竜区,44,5,2010,2023,0.517,98.0,187.0,3,285.0
広島県,広島市安佐北区,2,2,2014,2021,0.066,83.0,201.0,0,284.0
秋田県,由利本荘市,242,12,2010,2023,0.79,56.0,228.0,2,284.0
愛知県,豊川市,15,4,2017,2023,0.849,146.0,137.0,0,283.0
愛媛県,松前町,20,5,2010,2020,0.072,45.0,238.0,0,283.0
宮城県,仙台市青葉区,47,8,2010,2019,0.065,163.0,119.0,1,282.0
山形県,鶴岡市,76,8,2010,2020,0.068,19.0,262.0,0,281.0
福井県,福井市,63,9,2010,2023,0.229,11.0,270.0,0,281.0
京都府,京都市山科区,15,6,2010,2020,0.021,64.0,216.0,0,280.0
群馬県,太田市,40,7,2010,2019,0.635,101.0,178.0,0,279.0
青森県,五所川原市,183,7,2010,2022,1.131,84.0,195.0,0,279.0
福岡県,朝倉市,223,7,2010,2021,0.116,24.0,254.0,2,278.0
岐阜県,各務原市,83,12,2010,2022,0.052,20.0,257.0,24,277.0
大分県,大分市,57,3,2011,2018,0.444,46.0,230.0,0,276.0
埼玉県,八潮市,40,5,2010,2023,0.045,119.0,157.0,0,276.0
高知県,土佐市,85,5,2014,2023,1.696,38.0,236.0,0,274.0
佐賀県,大町町,21,5,2010,2021,3.132,41.0,233.0,0,274.0
兵庫県,丹波市,159,4,2011,2022,3.238,53.0,215.0,0,268.0
茨城県,取手市,11,4,2013,2023,0.158,12.0,254.0,0,266.0
埼玉県,富士見市,8,3,2011,2019,0.04,78.0,188.0,6,266.0
東京都,世田谷区,94,10,2010,2021,0.03,130.0,135.0,0,265.0
京都府,与謝野町,29,7,2011,2023,0.148,27.0,238.0,0,265.0
静岡県,牧之原市,67,6,2011,2022,0.283,49.0,215.0,0,264.0
静岡県,菊川市,110,4,2016,2022,0.102,21.0,243.0,41,264.0
岡山県,真庭市,87,5,2010,2018,0.244,64.0,198.0,0,262.0
千葉県,佐倉市,68,6,2010,2019,0.086,59.0,202.0,0,261.0
福岡県,八女市,31,5,2012,2023,0.083,132.0,129.0,10,261.0
福岡県,直方市,29,4,2010,2023,0.299,62.0,196.0,0,258.0
長野県,上田市,101,12,2010,2023,0.078,62.0,195.0,0,257.0
愛知県,津島市,23,7,2010,2022,0.242,34.0,222.0,4,256.0
東京都,八王子市,105,5,2013,2019,0.084,65.0,190.0,0,255.0
神奈川県,茅ヶ崎市,65,4,2010,2016,0.243,3.0,252.0,1,255.0
青森県,弘前市,93,7,2010,2022,0.031,158.0,94.0,26,252.0
島根県,出雲市,260,7,2011,2023,0.095,35.0,215.0,1,250.0
千葉県,野田市,16,5,2010,2017,0.059,18.0,230.0,0,248.0
静岡県,島田市,41,5,2011,2022,0.081,76.0,169.0,2,245.0
新潟県,加茂市,67,5,2010,2022,0.204,16.0,225.0,2,241.0
岐阜県,岐阜市,67,9,2010,2022,1.338,22.0,217.0,1,239.0
山形県,白鷹町,83,5,2013,2022,3.449,57.0,177.0,0,234.0
群馬県,高崎市,69,8,2010,2019,0.108,17.0,217.0,1,234.0
宮崎県,西都市,28,4,2016,2022,0.048,76.0,157.0,0,233.0
福岡県,柳川市,31,4,2010,2021,0.034,8.0,221.0,1,229.0
島根県,松江市,157,8,2010,2023,0.118,27.0,202.0,3,229.0
宮城県,名取市,42,2,2017,2019,1.372,81.0,148.0,0,229.0
新潟県,関川村,10,2,2014,2022,0.379,8.0,219.0,0,227.0
宮城県,山元町,96,5,2014,2020,1.118,3.0,223.0,52,226.0
愛知県,大治町,6,5,2012,2021,0.102,8.0,218.0,0,226.0
東京都,大田区,66,7,2013,2023,0.036,109.0,117.0,0,226.0
東京都,目黒区,129,8,2013,2020,0.007,142.0,80.0,0,222.0
新潟県,十日町市,44,3,2010,2017,0.11,20.0,200.0,1,220.0
熊本県,甲佐町,16,1,2016,2016,0.029,31.0,188.0,0,219.0
福岡県,田川市,13,3,2010,2018,0.019,3.0,216.0,0,219.0
千葉県,千葉市,55,1,2010,2010,0.051,100.0,118.0,0,218.0
鹿児島県,大和村,28,2,2010,2012,0.023,30.0,186.0,0,216.0
栃木県,日光市,89,2,2015,2016,1.339,11.0,204.0,0,215.0
奈良県,大和高田市,22,6,2010,2023,0.025,13.0,200.0,0,213.0
三重県,桑名市,80,8,2011,2020,0.068,26.0,187.0,0,213.0
奈良県,奈良市,87,8,2010,2018,0.034,22.0,191.0,8,213.0
愛媛県,大洲市,231,8,2011,2023,1.185,43.0,169.0,0,212.0
山形県,川西町,23,4,2013,2022,11.951,108.0,103.0,0,211.0
広島県,三次市,122,7,2010,2021,1.189,8.0,201.0,0,209.0
宮城県,栗原市,158,4,2012,2019,0.08,40.0,168.0,0,208.0
山口県,周防大島町,75,2,2019,2020,0.176,17.0,191.0,0,208.0
岐阜県,下呂市,61,2,2020,2021,0.208,63.0,144.0,0,207.0
新潟県,五泉市,136,7,2010,2020,0.031,13.0,193.0,0,206.0
大阪府,交野市,49,4,2012,2017,0.085,35.0,168.0,2,203.0
埼玉県,志木市,16,5,2013,2023,0.025,17.0,184.0,0,201.0
島根県,津和野町,36,2,2010,2013,0.273,0.0,200.0,0,200.0
三重県,松阪市,14,5,2011,2017,0.182,88.0,112.0,3,200.0
福岡県,大川市,23,7,2010,2023,0.534,5.0,193.0,0,198.0
北海道,釧路町,38,4,2010,2015,0.54,92.0,103.0,0,195.0
宮城県,塩竈市,23,2,2014,2019,0.254,90.0,104.0,22,194.0
東京都,豊島区,42,4,2011,2019,0.021,123.0,71.0,0,194.0
大阪府,摂津市,40,2,2012,2013,0.099,52.0,139.0,0,191.0
埼玉県,三郷市,41,4,2010,2015,0.06,85.0,104.0,0,189.0
山形県,南陽市,148,10,2010,2022,0.388,54.0,135.0,0,189.0
東京都,青梅市,21,2,2016,2019,0.04,96.0,92.0,11,188.0
和歌山県,白浜町,14,2,2011,2014,0.02,109.0,78.0,0,187.0
広島県,大竹市,45,5,2014,2023,0.078,33.0,154.0,1,187.0
岩手県,雫石町,3,1,2013,2013,0.146,15.0,172.0,0,187.0
茨城県,北茨城市,18,3,2014,2023,0.786,17.0,169.0,2,186.0
東京都,品川区,56,8,2010,2023,0.024,96.0,90.0,0,186.0
大阪府,泉佐野市,1,1,2014,2014,0.031,37.0,147.0,0,184.0
大阪府,豊中市,13,3,2012,2014,0.292,9.0,174.0,2,183.0
大阪府,吹田市,49,8,2010,2020,0.02,15.0,165.0,14,180.0
東京都,江戸川区,26,5,2010,2016,1.137,72.0,107.0,0,179.0
岡山県,総社市,28,4,2011,2018,1.154,42.0,137.0,0,179.0
新潟県,田上町,51,4,2011,2021,0.079,142.0,37.0,0,179.0
福岡県,大牟田市,16,6,2018,2023,0.011,70.0,108.0,4,178.0
静岡県,沼津市,27,9,2010,2023,0.609,93.0,83.0,1,176.0
滋賀県,高島市,37,1,2013,2013,0.053,17.0,159.0,0,176.0
京都府,京都市左京区,29,7,2010,2020,0.014,30.0,145.0,0,175.0
愛知県,岡崎市,72,6,2011,2023,0.051,48.0,127.0,1,175.0
鹿児島県,霧島市,30,5,2010,2023,1.098,48.0,126.0,1,174.0
徳島県,吉野川市,39,7,2011,2018,0.47,12.0,161.0,0,173.0
和歌山県,かつらぎ町,23,4,2011,2023,0.263,106.0,66.0,0,172.0
島根県,益田市,34,3,2013,2021,0.027,81.0,91.0,0,172.0
長崎県,対馬市,54,5,2012,2023,0.037,44.0,128.0,0,172.0
愛媛県,八幡浜市,27,2,2017,2018,0.259,20.0,151.0,0,171.0
岩手県,盛岡市,119,5,2010,2022,0.247,2.0,166.0,1,168.0
山形県,高畠町,52,6,2010,2022,0.093,70.0,95.0,0,165.0
宮城県,仙台市泉区,11,7,2010,2019,0.034,89.0,76.0,1,165.0
新潟県,小千谷市,64,3,2011,2019,0.204,30.0,135.0,0,165.0
大阪府,大阪市旭区,2,1,2012,2012,0.015,10.0,154.0,0,164.0
東京都,杉並区,157,11,2010,2023,0.016,115.0,48.0,0,163.0
兵庫県,伊丹市,50,4,2010,2014,0.015,53.0,110.0,0,163.0
愛知県,名古屋市熱田区,15,4,2013,2021,0.47,48.0,114.0,0,162.0
愛知県,清須市,34,3,2012,2016,0.542,5.0,156.0,0,161.0
鳥取県,鳥取市,76,6,2011,2023,0.134,32.0,128.0,1,160.0
三重県,伊賀市,19,4,2013,2016,0.05,3.0,155.0,0,158.0
宮崎県,高鍋町,37,4,2014,2022,0.027,21.0,136.0,0,157.0
奈良県,田原本町,29,6,2010,2023,0.167,10.0,146.0,2,156.0
岡山県,早島町,25,3,2011,2018,0.636,14.0,138.0,1,152.0
埼玉県,吉川市,25,4,2011,2023,0.115,49.0,102.0,9,151.0
福井県,若狭町,44,4,2011,2018,0.073,30.0,120.0,0,150.0
山形県,戸沢村,11,4,2010,2020,0.251,18.0,132.0,0,150.0
新潟県,佐渡市,69,6,2010,2020,0.065,40.0,110.0,0,150.0
兵庫県,篠山市,54,5,2010,2018,0.017,38.0,112.0,0,150.0
奈良県,桜井市,67,9,2012,2023,0.028,3.0,147.0,0,150.0
長野県,千曲市,12,4,2010,2019,2.005,12.0,136.0,0,148.0
大阪府,大阪市天王寺区,3,1,2012,2012,0.014,3.0,145.0,0,148.0
茨城県,高萩市,28,2,2011,2023,0.021,18.0,129.0,0,147.0
茨城県,石岡市,34,3,2010,2015,0.13,21.0,126.0,0,147.0
滋賀県,栗東市,28,5,2010,2021,0.072,6.0,141.0,0,147.0
和歌山県,高野町,10,3,2013,2023,0.034,38.0,109.0,0,147.0
愛知県,名古屋市港区,36,4,2012,2020,1.938,30.0,116.0,0,146.0
和歌山県,御坊市,43,7,2011,2023,0.112,12.0,133.0,0,145.0
千葉県,千葉市中央区,22,7,2012,2023,0.03,23.0,122.0,2,145.0
岐阜県,養老町,3,2,2013,2017,0.036,0.0,144.0,0,144.0
大阪府,大阪市東住吉区,1,1,2012,2012,0.011,3.0,140.0,0,143.0
山形県,中山町,6,1,2020,2020,0.271,18.0,124.0,0,142.0
大分県,中津市,56,3,2017,2023,0.096,42.0,100.0,0,142.0
岡山県,矢掛町,6,3,2012,2018,1.045,20.0,121.0,0,141.0
宮城県,白石市,1,1,2019,2019,0.621,0.0,139.0,0,139.0
愛知県,小牧市,46,5,2013,2019,0.068,6.0,133.0,0,139.0
神奈川県,鎌倉市,4,1,2014,2014,0.007,96.0,43.0,0,139.0
神奈川県,川崎市川崎区,39,4,2013,2019,0.014,59.0,80.0,0,139.0
和歌山県,湯浅町,20,6,2010,2016,0.079,9.0,130.0,3,139.0
北海道,岩見沢市,11,2,2010,2012,0.764,53.0,86.0,0,139.0
徳島県,石井町,20,3,2011,2016,0.024,21.0,117.0,1,138.0
広島県,大崎上島町,22,4,2018,2021,0.093,43.0,94.0,0,137.0
秋田県,湯沢市,32,6,2010,2018,0.042,7.0,130.0,0,137.0
神奈川県,横浜市瀬谷区,17,5,2013,2019,0.015,16.0,121.0,9,137.0
神奈川県,川崎市多摩区,5,4,2013,2019,0.011,55.0,82.0,0,137.0
愛知県,名古屋市東区,21,6,2011,2019,2.239,8.0,128.0,0,136.0
山形県,庄内町,73,5,2010,2020,0.593,0.0,136.0,0,136.0
長崎県,大村市,41,1,2020,2020,0.037,83.0,51.0,41,134.0
島根県,江津市,49,7,2011,2021,0.526,13.0,119.0,4,132.0
愛媛県,砥部町,16,6,2011,2020,0.045,24.0,108.0,9,132.0
静岡県,浜松市中区,25,8,2010,2023,1.098,26.0,105.0,0,131.0
栃木県,宇都宮市,25,5,2014,2018,0.018,46.0,85.0,0,131.0
青森県,八戸市,53,8,2010,2019,0.056,31.0,99.0,0,130.0
岡山県,和気町,61,3,2012,2018,0.082,18.0,112.0,0,130.0
熊本県,あさぎり町,4,2,2011,2020,0.081,99.0,31.0,1,130.0
秋田県,潟上市,31,5,2013,2023,0.105,26.0,104.0,1,130.0
熊本県,八代市,11,2,2012,2013,0.104,5.0,125.0,0,130.0
愛知県,田原市,13,5,2011,2023,0.233,13.0,117.0,1,130.0
福岡県,小竹町,11,3,2010,2021,0.538,24.0,104.0,4,128.0
石川県,白山市,26,4,2013,2022,0.038,10.0,117.0,0,127.0
埼玉県,さいたま市中央区,42,7,2013,2023,0.142,58.0,69.0,0,127.0
埼玉県,さいたま市大宮区,32,6,2013,2023,0.073,95.0,31.0,0,126.0
東京都,武蔵野市,16,4,2010,2018,0.062,49.0,77.0,0,126.0
福島県,南相馬市,59,2,2010,2019,0.156,33.0,92.0,56,125.0
愛媛県,松野町,4,1,2018,2018,0.107,51.0,74.0,0,125.0
青森県,鶴田町,41,3,2010,2022,0.19,72.0,51.0,0,123.0
埼玉県,蓮田市,2,2,2013,2016,0.012,0.0,123.0,1,123.0
広島県,江田島市,26,2,2010,2018,0.134,34.0,89.0,0,123.0
山形県,長井市,95,6,2010,2020,0.036,15.0,108.0,0,123.0
東京都,渋谷区,52,5,2010,2021,0.018,91.0,32.0,0,123.0
愛媛県,鬼北町,20,1,2018,2018,0.018,21.0,101.0,0,122.0
青森県,平川市,43,3,2012,2022,0.02,12.0,110.0,11,122.0
京都府,向日市,12,4,2010,2015,0.012,9.0,113.0,0,122.0
栃木県,足利市,35,3,2014,2019,1.667,55.0,66.0,0,121.0
千葉県,千葉市稲毛区,23,7,2012,2023,0.025,13.0,108.0,4,121.0
岡山県,笠岡市,6,3,2012,2018,1.097,23.0,98.0,0,121.0
東京都,北区,88,6,2010,2018,0.039,70.0,49.0,0,119.0
佐賀県,唐津市,38,8,2010,2023,0.011,16.0,103.0,0,119.0
静岡県,浜松市北区,23,8,2011,2023,2.14,43.0,76.0,2,119.0
岡山県,赤磐市,42,4,2012,2018,0.011,17.0,98.0,26,115.0
大阪府,大阪市東成区,9,2,2012,2019,0.013,1.0,114.0,0,115.0
青森県,中泊町,45,4,2010,2022,0.034,38.0,76.0,5,114.0
佐賀県,多久市,28,7,2010,2021,0.492,17.0,97.0,0,114.0
岡山県,高梁市,15,3,2010,2018,0.197,60.0,53.0,0,113.0
奈良県,安堵町,6,5,2012,2023,0.016,20.0,93.0,0,113.0
東京都,文京区,20,6,2010,2021,0.006,92.0,21.0,0,113.0
東京都,三鷹市,19,6,2011,2019,0.013,40.0,72.0,0,112.0
神奈川県,秦野市,25,5,2010,2015,0.013,64.0,47.0,1,111.0
熊本県,荒尾市,5,2,2020,2021,1.487,9.0,101.0,0,110.0
石川県,能美市,27,2,2013,2022,0.278,16.0,94.0,25,110.0
秋田県,北秋田市,239,8,2010,2023,0.026,15.0,94.0,12,109.0
熊本県,水俣市,21,3,2010,2020,0.446,26.0,83.0,1,109.0
神奈川県,藤沢市,34,5,2013,2017,0.018,53.0,56.0,0,109.0
山口県,下関市,34,4,2010,2015,0.546,3.0,104.0,0,107.0
東京都,立川市,37,5,2010,2022,0.023,14.0,93.0,0,107.0
熊本県,芦北町,52,6,2012,2020,0.031,15.0,92.0,0,107.0
北海道,釧路市,58,3,2013,2021,0.957,12.0,94.0,0,106.0
山形県,村山市,24,6,2011,2020,0.145,79.0,27.0,0,106.0
岡山県,美作市,8,3,2013,2022,0.067,47.0,58.0,0,105.0
京都府,京都市西京区,26,4,2010,2018,0.009,28.0,77.0,0,105.0
新潟県,胎内市,25,1,2022,2022,0.725,0.0,105.0,0,105.0
千葉県,山武市,16,3,2010,2019,0.12,33.0,71.0,2,104.0
埼玉県,新座市,28,5,2010,2017,0.017,32.0,72.0,0,104.0
福岡県,北九州市小倉北区,14,3,2013,2017,0.014,21.0,83.0,0,104.0
富山県,魚津市,20,3,2010,2021,0.023,4.0,99.0,0,103.0
熊本県,益城町,2,1,2016,2016,0.11,21.0,82.0,0,103.0
埼玉県,坂戸市,8,3,2017,2022,0.321,42.0,60.0,2,102.0
島根県,安来市,66,4,2011,2021,0.054,5.0,97.0,0,102.0
京都府,京都市下京区,24,2,2010,2014,0.012,12.0,89.0,0,101.0
岡山県,備前市,11,3,2012,2018,0.001,11.0,90.0,0,101.0
鹿児島県,指宿市,36,4,2012,2020,0.126,3.0,95.0,1,98.0
兵庫県,西宮市,61,3,2013,2015,0.009,21.0,75.0,2,96.0
岩手県,花巻市,48,5,2010,2022,0.013,7.0,88.0,5,95.0
茨城県,つくば市,12,5,2011,2019,0.019,0.0,95.0,0,95.0
京都府,京都市中京区,24,4,2010,2015,0.009,55.0,40.0,0,95.0
岐阜県,郡上市,75,3,2010,2018,0.014,7.0,87.0,0,94.0
兵庫県,尼崎市,53,1,2013,2013,0.009,42.0,52.0,0,94.0
長野県,下諏訪町,30,4,2012,2021,0.025,2.0,91.0,0,93.0
埼玉県,狭山市,22,6,2010,2022,0.031,22.0,71.0,11,93.0
宮城県,村田町,10,3,2011,2019,0.012,28.0,64.0,2,92.0
大阪府,大阪市西成区,5,2,2012,2015,0.002,1.0,90.0,0,91.0
千葉県,柏市,34,5,2010,2014,0.028,34.0,57.0,0,91.0
佐賀県,鹿島市,56,4,2010,2022,0.027,3.0,87.0,0,90.0
愛知県,南知多町,20,3,2012,2018,0.04,36.0,54.0,0,90.0
埼玉県,さいたま市南区,50,7,2013,2023,0.193,25.0,65.0,0,90.0
大阪府,大阪市西淀川区,1,1,2012,2012,0.005,4.0,86.0,0,90.0
山口県,宇部市,17,5,2010,2022,0.041,5.0,85.0,5,90.0
千葉県,大網白里市,9,2,2013,2019,0.671,27.0,63.0,0,90.0
北海道,室蘭市,13,1,2010,2010,0.148,46.0,43.0,0,89.0
富山県,射水市,34,6,2010,2018,0.012,1.0,88.0,0,89.0
兵庫県,太子町,56,3,2012,2017,0.03,3.0,86.0,0,89.0
新潟県,柏崎市,61,5,2010,2018,0.034,34.0,54.0,0,88.0
福岡県,大刀洗町,116,6,2012,2021,0.0,20.0,67.0,0,87.0
東京都,中野区,100,11,2010,2023,0.015,59.0,28.0,3,87.0
千葉県,千葉市緑区,15,3,2013,2023,0.009,29.0,58.0,11,87.0
山形県,山形市,78,6,2010,2016,0.025,29.0,58.0,0,87.0
香川県,丸亀市,32,3,2016,2018,0.022,6.0,81.0,0,87.0
大阪府,大阪市都島区,1,1,2012,2012,0.12,1.0,85.0,0,86.0
静岡県,吉田町,16,2,2013,2022,0.283,25.0,61.0,0,86.0
福井県,南越前町,27,1,2022,2022,0.017,20.0,66.0,0,86.0
大阪府,岸和田市,4,2,2010,2014,0.054,9.0,76.0,0,85.0
長野県,中野市,5,2,2017,2019,0.311,64.0,21.0,0,85.0
広島県,安芸高田市,26,3,2010,2020,0.011,5.0,80.0,3,85.0
三重県,鳥羽市,15,3,2015,2019,0.015,29.0,55.0,6,84.0
愛知県,稲沢市,27,5,2012,2021,0.13,1.0,83.0,0,84.0
宮崎県,門川町,6,4,2014,2022,1.171,30.0,54.0,1,84.0
千葉県,富津市,27,5,2011,2021,0.022,19.0,64.0,0,83.0
兵庫県,播磨町,11,4,2011,2014,0.076,13.0,70.0,0,83.0
徳島県,北島町,2,2,2011,2014,0.266,6.0,76.0,0,82.0
島根県,大田市,38,3,2012,2016,0.009,12.0,69.0,0,81.0
兵庫県,小野市,49,6,2011,2018,0.137,19.0,62.0,0,81.0
栃木県,壬生町,17,4,2015,2019,0.045,12.0,69.0,0,81.0
栃木県,佐野市,31,2,2015,2019,0.042,1.0,79.0,29,80.0
岩手県,大槌町,9,2,2016,2019,0.03,29.0,51.0,0,80.0
和歌山県,橋本市,22,3,2013,2023,0.083,5.0,75.0,0,80.0
佐賀県,神埼市,35,5,2010,2021,0.028,9.0,70.0,0,79.0
山形県,酒田市,53,3,2010,2020,0.189,5.0,74.0,8,79.0
大阪府,大阪市住吉区,1,1,2012,2012,0.004,1.0,77.0,0,78.0
兵庫県,明石市,42,6,2010,2018,0.008,15.0,63.0,0,78.0
熊本県,天草市,8,4,2010,2015,0.011,10.0,68.0,0,78.0
福島県,田村市,35,5,2010,2015,0.008,30.0,48.0,0,78.0
山形県,飯豊町,84,4,2013,2022,0.029,1.0,76.0,76,77.0
埼玉県,蕨市,35,5,2011,2019,0.021,30.0,46.0,3,76.0
京都府,木津川市,35,3,2012,2017,0.095,28.0,48.0,0,76.0
山口県,下松市,16,4,2010,2023,0.016,6.0,70.0,2,76.0
高知県,須崎市,30,2,2014,2015,0.024,18.0,57.0,1,75.0
兵庫県,南あわじ市,35,4,2011,2015,0.008,2.0,73.0,0,75.0
鹿児島県,鹿屋市,2,2,2015,2019,0.013,5.0,70.0,0,75.0
鹿児島県,肝付町,32,6,2011,2018,0.211,6.0,69.0,0,75.0
滋賀県,東近江市,2,2,2012,2013,0.037,17.0,57.0,0,74.0
滋賀県,大津市,15,3,2010,2013,0.012,3.0,71.0,0,74.0
埼玉県,さいたま市,30,3,2010,2012,0.007,17.0,57.0,0,74.0
山形県,山辺町,4,2,2013,2020,0.15,26.0,48.0,0,74.0
大分県,竹田市,15,1,2012,2012,0.095,38.0,35.0,0,73.0
愛知県,碧南市,48,5,2013,2022,0.012,11.0,62.0,0,73.0
神奈川県,横浜市,40,3,2010,2012,0.011,22.0,51.0,0,73.0
愛知県,岩倉市,17,7,2013,2021,0.015,1.0,72.0,0,73.0
埼玉県,鳩ケ谷市,6,1,2010,2010,0.036,2.0,70.0,0,72.0
大阪府,大阪市淀川区,3,1,2012,2012,0.004,7.0,65.0,0,72.0
熊本県,御船町,1,1,2016,2016,0.094,56.0,15.0,0,71.0
山口県,山陽小野田市,12,6,2010,2023,0.209,28.0,43.0,2,71.0
埼玉県,入間市,19,5,2010,2019,0.054,21.0,50.0,5,71.0
三重県,志摩市,16,3,2015,2019,0.052,15.0,56.0,1,71.0
福岡県,筑後市,25,5,2010,2023,0.028,5.0,66.0,2,71.0
北海道,北見市,34,5,2010,2016,0.056,0.0,70.0,1,70.0
三重県,名張市,19,8,2011,2023,0.009,0.0,70.0,1,70.0
神奈川県,綾瀬市,22,5,2010,2018,0.021,33.0,37.0,6,70.0
広島県,府中市,8,3,2018,2021,0.179,12.0,57.0,0,69.0
京都府,京都市北区,28,6,2010,2018,0.012,17.0,52.0,2,69.0
兵庫県,市川町,40,4,2010,2013,0.012,6.0,63.0,0,69.0
岐阜県,恵那市,47,6,2010,2021,0.012,6.0,63.0,5,69.0
神奈川県,寒川町,19,5,2010,2021,0.605,13.0,56.0,6,69.0
山形県,大石田町,34,5,2011,2022,0.439,23.0,46.0,0,69.0
北海道,日高町,35,3,2010,2022,1.532,10.0,58.0,0,68.0
福岡県,鞍手町,7,2,2018,2023,0.131,1.0,67.0,0,68.0
新潟県,阿賀野市,23,1,2011,2011,0.035,4.0,64.0,0,68.0
岩手県,野田村,3,3,2011,2019,0.185,5.0,63.0,1,68.0
宮城県,女川町,2,1,2019,2019,0.32,43.0,25.0,2,68.0
富山県,氷見市,22,8,2010,2022,0.037,2.0,65.0,0,67.0
秋田県,井川町,28,4,2011,2023,0.008,9.0,58.0,0,67.0
北海道,函館市,8,2,2017,2022,0.025,14.0,53.0,0,67.0
埼玉県,所沢市,30,2,2010,2011,0.007,16.0,51.0,0,67.0
愛知県,名古屋市中区,11,2,2013,2019,0.573,23.0,44.0,0,67.0
千葉県,木更津市,69,1,2013,2013,0.025,33.0,34.0,0,67.0
福岡県,みやこ町,28,2,2010,2012,0.007,5.0,62.0,0,67.0
神奈川県,大和市,59,7,2010,2018,0.009,27.0,40.0,0,67.0
宮崎県,日南市,54,6,2013,2022,0.051,17.0,49.0,0,66.0
熊本県,錦町,3,1,2020,2020,0.082,2.0,64.0,0,66.0
秋田県,八郎潟町,6,2,2013,2018,0.033,22.0,44.0,0,66.0
福島県,柳津町,9,1,2011,2011,0.009,46.0,20.0,0,66.0
宮崎県,国富町,11,3,2018,2023,0.01,11.0,54.0,0,65.0
茨城県,大子町,4,2,2011,2013,0.001,1.0,64.0,0,65.0
千葉県,八千代市,21,5,2010,2014,0.013,21.0,44.0,0,65.0
東京都,新宿区,26,4,2010,2016,0.006,48.0,16.0,0,64.0
群馬県,玉村町,11,4,2010,2019,0.049,6.0,58.0,0,64.0
岐阜県,土岐市,25,3,2011,2017,0.01,18.0,46.0,0,64.0
東京都,台東区,10,4,2010,2014,0.003,7.0,56.0,0,63.0
三重県,明和町,4,2,2015,2017,0.371,4.0,59.0,0,63.0
長崎県,長崎市,36,3,2014,2016,0.006,3.0,60.0,0,63.0
和歌山県,由良町,17,4,2010,2023,0.009,4.0,59.0,0,63.0
香川県,高松市,20,6,2011,2022,0.008,14.0,48.0,0,62.0
福島県,白河市,24,1,2019,2019,0.01,15.0,47.0,0,62.0
大阪府,大阪市,9,1,2010,2010,0.004,0.0,62.0,0,62.0
福岡県,大木町,29,6,2010,2023,1.261,0.0,62.0,0,62.0
和歌山県,岩出市,3,2,2011,2013,0.089,12.0,50.0,0,62.0
岩手県,普代村,10,2,2016,2019,0.088,7.0,55.0,0,62.0
鳥取県,湯梨浜町,24,3,2018,2023,0.061,6.0,55.0,0,61.0
茨城県,結城市,23,4,2011,2019,0.083,23.0,38.0,0,61.0
東京都,あきる野市,9,1,2019,2019,0.015,40.0,21.0,0,61.0
宮城県,大和町,21,5,2011,2022,0.136,42.0,19.0,0,61.0
愛知県,名古屋市千種区,22,5,2011,2020,0.113,17.0,43.0,0,60.0
埼玉県,加須市,16,6,2011,2023,0.004,7.0,53.0,1,60.0
埼玉県,上尾市,17,7,2013,2019,0.117,22.0,38.0,4,60.0
茨城県,下妻市,42,6,2011,2019,0.013,7.0,53.0,0,60.0
沖縄県,うるま市,21,5,2010,2023,0.018,46.0,14.0,9,60.0
山形県,米沢市,52,8,2010,2022,0.031,7.0,52.0,0,59.0
大阪府,大阪市浪速区,3,1,2012,2012,0.002,2.0,57.0,0,59.0
福井県,越前町,22,2,2021,2023,0.056,7.0,51.0,0,58.0
岡山県,美咲町,7,3,2012,2018,0.092,4.0,54.0,0,58.0
岐阜県,八百津町,14,2,2010,2011,0.064,5.0,53.0,0,58.0
愛知県,豊山町,9,3,2011,2016,0.02,2.0,56.0,0,58.0
愛媛県,新居浜市,29,2,2013,2017,0.017,18.0,40.0,0,58.0
福島県,本宮市,13,2,2016,2019,0.332,7.0,51.0,0,58.0
大分県,玖珠町,10,3,2010,2015,0.003,32.0,26.0,0,58.0
佐賀県,嬉野市,55,4,2010,2021,0.104,17.0,40.0,2,57.0
千葉県,千葉市若葉区,16,6,2012,2023,0.012,27.0,30.0,3,57.0
鹿児島県,さつま町,5,1,2021,2021,0.012,9.0,48.0,0,57.0
茨城県,水戸市,35,7,2011,2023,0.021,22.0,34.0,6,56.0
兵庫県,赤穂市,10,2,2012,2017,0.02,1.0,55.0,5,56.0
石川県,かほく市,9,1,2023,2023,0.022,2.0,54.0,5,56.0
神奈川県,横浜市戸塚区,9,3,2014,2019,0.004,34.0,22.0,1,56.0
静岡県,西伊豆町,6,1,2013,2013,0.038,8.0,48.0,0,56.0
山形県,舟形町,27,6,2013,2020,0.01,1.0,55.0,0,56.0
埼玉県,和光市,21,1,2014,2014,0.004,25.0,31.0,0,56.0
東京都,江東区,17,4,2010,2014,0.013,15.0,40.0,0,55.0
神奈川県,南足柄市,14,3,2010,2019,0.021,8.0,47.0,0,55.0
石川県,内灘町,5,2,2016,2023,0.157,8.0,47.0,0,55.0
愛知県,半田市,18,1,2013,2013,0.044,16.0,39.0,0,55.0
佐賀県,伊万里市,49,7,2010,2021,0.03,4.0,51.0,0,55.0
岡山県,津山市,22,6,2010,2023,0.01,15.0,40.0,0,55.0
兵庫県,福崎町,28,2,2011,2012,0.011,0.0,55.0,0,55.0
福岡県,筑紫野市,14,4,2010,2023,0.011,41.0,14.0,0,55.0
福島県,二本松市,26,3,2010,2019,0.361,26.0,29.0,0,55.0
埼玉県,久喜市,28,4,2011,2019,0.007,12.0,42.0,0,54.0
佐賀県,鳥栖市,30,10,2012,2023,0.04,33.0,21.0,5,54.0
宮城県,利府町,12,2,2011,2019,0.108,34.0,20.0,2,54.0
広島県,竹原市,7,2,2010,2021,0.034,9.0,45.0,0,54.0
富山県,滑川市,11,4,2012,2022,0.025,6.0,48.0,0,54.0
千葉県,香取市,23,5,2010,2023,0.028,7.0,47.0,5,54.0
宮崎県,串間市,18,5,2010,2020,0.045,4.0,50.0,0,54.0
兵庫県,川西市,18,2,2012,2014,0.005,4.0,50.0,0,54.0
長野県,松本市,37,3,2010,2013,0.008,5.0,49.0,0,54.0
兵庫県,相生市,1,1,2017,2017,0.002,5.0,49.0,0,54.0
愛知県,犬山市,10,2,2011,2017,0.002,7.0,46.0,0,53.0
茨城県,筑西市,75,6,2010,2019,0.005,9.0,44.0,0,53.0
鹿児島県,伊佐市,26,2,2011,2021,0.011,31.0,22.0,0,53.0
大阪府,茨木市,11,1,2012,2012,0.018,26.0,27.0,0,53.0
徳島県,阿波市,21,2,2011,2014,0.091,10.0,43.0,0,53.0
三重県,東員町,13,3,2011,2019,0.034,6.0,47.0,0,53.0
愛知県,あま市,4,2,2012,2013,0.006,1.0,52.0,0,53.0
大阪府,泉南市,13,2,2010,2014,0.033,6.0,47.0,0,53.0
北海道,清水町,11,1,2016,2016,0.673,18.0,35.0,0,53.0
愛媛県,愛南町,53,1,2011,2011,0.008,12.0,41.0,0,53.0
福岡県,春日市,16,1,2010,2010,0.019,7.0,45.0,0,52.0
神奈川県,横浜市金沢区,17,2,2015,2019,0.068,45.0,7.0,0,52.0
福島県,小野町,12,3,2011,2019,0.054,8.0,44.0,0,52.0
三重県,玉城町,10,1,2017,2017,0.039,17.0,35.0,0,52.0
岐阜県,瑞浪市,54,4,2011,2017,0.009,6.0,46.0,48,52.0
茨城県,坂東市,5,2,2015,2019,0.015,5.0,47.0,0,52.0
長崎県,諫早市,30,1,2011,2011,0.025,12.0,39.0,0,51.0
福岡県,広川町,10,1,2012,2012,0.005,5.0,46.0,0,51.0
沖縄県,那覇市,15,4,2012,2023,0.001,26.0,25.0,0,51.0
千葉県,南房総市,13,2,2018,2019,0.016,2.0,49.0,0,51.0
千葉県,成田市,30,2,2013,2021,0.008,16.0,35.0,1,51.0
岩手県,一戸町,12,1,2013,2013,0.007,3.0,48.0,0,51.0
静岡県,掛川市,2,2,2014,2022,0.31,13.0,38.0,0,51.0
福岡県,苅田町,24,3,2010,2018,0.013,5.0,45.0,0,50.0
熊本県,玉名市,18,5,2010,2021,0.012,8.0,42.0,0,50.0
秋田県,男鹿市,41,4,2011,2022,0.011,10.0,40.0,3,50.0
北海道,長万部町,23,2,2012,2013,0.103,24.0,26.0,0,50.0
茨城県,日立市,7,2,2012,2013,0.022,7.0,43.0,1,50.0
広島県,三原市,23,2,2013,2021,0.007,16.0,34.0,0,50.0
大阪府,大阪市鶴見区,2,1,2012,2012,0.006,1.0,48.0,0,49.0
千葉県,流山市,5,3,2013,2017,0.007,1.0,48.0,2,49.0
三重県,尾鷲市,13,1,2011,2011,0.01,15.0,33.0,0,48.0
大分県,九重町,13,1,2020,2020,0.01,0.0,48.0,0,48.0
大阪府,大阪市城東区,6,3,2012,2015,0.006,3.0,45.0,0,48.0
東京都,東村山市,47,5,2010,2023,0.001,7.0,41.0,1,48.0
新潟県,新発田市,16,3,2014,2022,0.019,3.0,45.0,0,48.0
香川県,さぬき市,14,1,2011,2011,0.066,6.0,41.0,0,47.0
千葉県,千葉市花見川区,16,5,2013,2023,0.012,15.0,32.0,1,47.0
千葉県,習志野市,11,3,2010,2013,0.004,34.0,13.0,0,47.0
埼玉県,行田市,17,4,2011,2019,0.032,7.0,40.0,0,47.0
沖縄県,沖縄市,27,7,2010,2020,0.011,32.0,15.0,0,47.0
神奈川県,横浜市磯子区,19,4,2013,2019,0.012,33.0,14.0,1,47.0
奈良県,三郷町,9,2,2014,2017,0.073,20.0,26.0,0,46.0
沖縄県,北中城村,7,3,2013,2015,0.06,26.0,20.0,0,46.0
埼玉県,宮代町,3,3,2011,2019,0.009,6.0,39.0,0,45.0
福島県,喜多方市,15,2,2019,2022,0.006,5.0,40.0,0,45.0
兵庫県,養父市,19,3,2017,2023,0.029,7.0,38.0,0,45.0
長野県,茅野市,7,5,2010,2018,0.057,25.0,20.0,0,45.0
石川県,加賀市,17,4,2010,2018,0.099,3.0,42.0,0,45.0
石川県,羽咋市,16,4,2014,2022,0.05,2.0,43.0,0,45.0
福岡県,糸田町,2,2,2012,2018,0.006,0.0,45.0,0,45.0
石川県,金沢市,19,6,2011,2023,0.083,4.0,40.0,0,44.0
青森県,大鰐町,24,2,2010,2013,0.007,9.0,35.0,0,44.0
香川県,宇多津町,4,2,2016,2017,0.084,0.0,44.0,0,44.0
栃木県,那須烏山市,15,5,2011,2019,0.009,23.0,21.0,0,44.0
埼玉県,伊奈町,6,4,2013,2023,0.011,14.0,30.0,1,44.0
山形県,三川町,32,5,2010,2020,0.017,25.0,19.0,0,44.0
鹿児島県,大崎町,5,3,2010,2020,0.028,15.0,29.0,0,44.0
鹿児島県,日置市,30,4,2010,2020,0.011,2.0,41.0,0,43.0
愛知県,名古屋市昭和区,11,4,2011,2021,0.382,8.0,35.0,0,43.0
茨城県,笠間市,28,4,2012,2016,0.007,8.0,34.0,0,42.0
和歌山県,印南町,4,3,2010,2023,0.081,1.0,41.0,0,42.0
徳島県,美波町,6,4,2014,2021,0.004,6.0,36.0,3,42.0
沖縄県,石垣市,3,2,2014,2015,0.032,25.0,17.0,0,42.0
青森県,野辺地町,10,2,2013,2016,0.004,11.0,30.0,0,41.0
島根県,美郷町,19,4,2013,2021,0.047,11.0,30.0,0,41.0
兵庫県,たつの市,17,3,2012,2017,0.007,6.0,35.0,0,41.0
福島県,川俣町,7,3,2010,2015,0.002,5.0,36.0,0,41.0
愛知県,扶桑町,29,6,2013,2022,0.048,0.0,41.0,16,41.0
愛知県,安城市,17,6,2011,2023,0.013,8.0,33.0,1,41.0
愛知県,東郷町,12,1,2012,2012,0.009,12.0,28.0,0,40.0
沖縄県,南城市,4,1,2011,2011,0.272,19.0,21.0,0,40.0
埼玉県,東松山市,28,7,2012,2022,0.151,10.0,30.0,0,40.0
千葉県,長南町,13,3,2013,2023,0.032,20.0,20.0,1,40.0
静岡県,三島市,17,4,2015,2023,0.024,7.0,33.0,1,40.0
北海道,稚内市,18,5,2011,2020,0.01,17.0,23.0,2,40.0
山形県,上山市,15,4,2010,2018,0.007,6.0,33.0,0,39.0
鹿児島県,屋久島町,12,8,2010,2019,0.005,2.0,37.0,0,39.0
埼玉県,戸田市,25,5,2013,2018,0.012,6.0,33.0,0,39.0
北海道,小樽市,41,1,2010,2010,0.006,12.0,27.0,0,39.0
栃木県,那須町,28,2,2011,2019,0.01,26.0,13.0,0,39.0
福岡県,築上町,16,3,2012,2020,0.009,0.0,39.0,2,39.0
茨城県,つくばみらい市,17,2,2013,2023,0.539,2.0,37.0,0,39.0
岩手県,奥州市,28,1,2013,2013,0.004,2.0,37.0,0,39.0
奈良県,橿原市,27,2,2017,2023,0.004,0.0,39.0,0,39.0
静岡県,浜松市西区,13,4,2015,2023,5.256,17.0,22.0,0,39.0
山口県,美祢市,6,2,2010,2015,0.049,11.0,28.0,0,39.0
福井県,越前市,14,2,2013,2022,0.062,1.0,38.0,12,39.0
岩手県,住田町,17,3,2013,2016,0.006,2.0,36.0,0,38.0
埼玉県,さいたま市浦和区,25,6,2013,2020,0.088,11.0,27.0,0,38.0
茨城県,小美玉市,81,6,2010,2023,0.01,16.0,22.0,1,38.0
鹿児島県,枕崎市,16,1,2016,2016,0.017,1.0,37.0,0,38.0
鹿児島県,宇検村,6,2,2010,2012,0.028,11.0,27.0,0,38.0
京都府,京丹波町,22,3,2011,2014,0.012,3.0,35.0,0,38.0
広島県,庄原市,16,4,2010,2020,0.004,8.0,30.0,0,38.0
鹿児島県,南九州市,12,1,2016,2016,0.018,4.0,34.0,0,38.0
千葉県,九十九里町,5,4,2013,2023,0.408,12.0,25.0,2,37.0
福島県,鏡石町,7,2,2010,2011,0.006,2.0,35.0,0,37.0
東京都,昭島市,15,5,2010,2017,0.002,2.0,35.0,0,37.0
群馬県,藤岡市,19,4,2011,2015,0.013,1.0,36.0,0,37.0
宮城県,美里町,18,4,2011,2022,0.009,2.0,35.0,0,37.0
千葉県,いすみ市,24,4,2011,2023,0.029,10.0,26.0,20,36.0
大阪府,羽曳野市,6,4,2010,2019,0.001,0.0,36.0,0,36.0
兵庫県,三田市,7,1,2014,2014,0.009,2.0,34.0,0,36.0
兵庫県,加東市,16,4,2010,2018,0.011,15.0,21.0,0,36.0
岐阜県,高山市,11,2,2014,2020,0.006,6.0,30.0,0,36.0
埼玉県,さいたま市西区,22,5,2013,2019,0.318,12.0,24.0,0,36.0
長野県,佐久市,5,2,2013,2014,0.061,0.0,35.0,0,35.0
北海道,旭川市,11,5,2010,2017,0.062,8.0,27.0,4,35.0
北海道,砂川市,11,2,2010,2016,0.098,3.0,32.0,0,35.0
栃木県,矢板市,19,2,2011,2019,0.015,7.0,27.0,17,34.0
新潟県,阿賀町,15,5,2016,2022,0.062,3.0,31.0,1,34.0
新潟県,新潟市東区,15,2,2013,2022,0.184,18.0,16.0,14,34.0
茨城県,常陸大宮市,6,3,2011,2019,0.065,14.0,20.0,0,34.0
大阪府,堺市堺区,6,1,2012,2012,0.003,1.0,33.0,0,34.0
兵庫県,朝来市,2,1,2010,2010,0.022,0.0,34.0,0,34.0
愛媛県,今治市,34,7,2011,2023,0.005,0.0,34.0,0,34.0
鳥取県,三朝町,15,3,2011,2023,0.005,9.0,24.0,0,33.0
福島県,会津若松市,19,6,2010,2023,0.004,9.0,24.0,0,33.0
神奈川県,川崎市,8,2,2010,2011,0.029,22.0,11.0,0,33.0
山口県,長門市,14,3,2010,2023,0.011,7.0,26.0,0,33.0
山口県,防府市,18,4,2010,2023,0.01,1.0,32.0,0,33.0
奈良県,斑鳩町,25,5,2010,2018,0.004,0.0,33.0,14,33.0
宮崎県,新富町,10,4,2016,2023,0.105,12.0,21.0,6,33.0
奈良県,御所市,30,6,2010,2017,0.011,3.0,30.0,0,33.0
埼玉県,本庄市,5,2,2011,2022,0.011,4.0,29.0,1,33.0
大阪府,島本町,1,1,2012,2012,0.106,15.0,17.0,0,32.0
秋田県,にかほ市,9,3,2010,2013,0.003,7.0,25.0,0,32.0
鳥取県,日南町,35,5,2010,2018,0.016,6.0,26.0,0,32.0
大阪府,堺市,25,2,2010,2011,0.008,10.0,21.0,0,31.0
奈良県,河合町,6,2,2013,2017,0.027,6.0,25.0,0,31.0
徳島県,藍住町,8,2,2011,2014,0.005,0.0,31.0,0,31.0
岡山県,新見市,14,3,2011,2013,0.004,0.0,31.0,0,31.0
和歌山県,日高町,8,2,2011,2023,0.037,13.0,18.0,0,31.0
香川県,多度津町,8,3,2016,2021,0.05,1.0,30.0,0,31.0
福井県,勝山市,20,5,2011,2023,0.003,2.0,29.0,0,31.0
千葉県,富里市,2,2,2010,2013,0.003,1.0,29.0,0,30.0
北海道,厚沢部町,64,2,2010,2013,0.006,28.0,2.0,0,30.0
京都府,京都市東山区,17,4,2010,2020,0.003,5.0,25.0,0,30.0
岩手県,葛巻町,23,4,2010,2020,0.015,8.0,22.0,0,30.0
静岡県,下田市,4,3,2017,2020,0.005,10.0,20.0,4,30.0
岡山県,浅口市,9,4,2012,2018,0.186,0.0,30.0,0,30.0
青森県,十和田市,9,3,2010,2022,0.009,11.0,19.0,4,30.0
宮城県,岩沼市,27,4,2010,2019,0.008,7.0,23.0,25,30.0
愛知県,名古屋市南区,9,3,2012,2020,0.762,0.0,30.0,0,30.0
群馬県,大泉町,3,1,2019,2019,0.206,0.0,30.0,0,30.0
福井県,大野市,16,3,2017,2023,0.005,8.0,21.0,0,29.0
神奈川県,横浜市泉区,11,4,2014,2019,0.004,12.0,17.0,2,29.0
岩手県,遠野市,24,4,2011,2015,0.004,1.0,28.0,0,29.0
愛知県,北名古屋市,5,5,2013,2020,0.001,5.0,24.0,0,29.0
北海道,古平町,4,1,2010,2010,0.028,8.0,21.0,0,29.0
京都府,大山崎町,7,2,2012,2013,0.01,14.0,15.0,0,29.0
神奈川県,海老名市,17,3,2010,2014,0.003,11.0,18.0,0,29.0
神奈川県,厚木市,19,5,2010,2020,0.003,4.0,24.0,2,28.0
鳥取県,境港市,4,1,2021,2021,0.013,1.0,27.0,0,28.0
岡山県,瀬戸内市,9,3,2011,2017,0.015,10.0,18.0,2,28.0
石川県,中能登町,16,5,2013,2022,0.011,0.0,28.0,0,28.0
大阪府,大阪市中央区,3,2,2012,2015,0.005,0.0,28.0,0,28.0
岐阜県,白川町,24,2,2011,2018,0.003,5.0,23.0,1,28.0
福島県,相馬市,11,3,2010,2017,0.006,1.0,27.0,3,28.0
奈良県,天理市,18,8,2010,2019,0.009,1.0,27.0,1,28.0
愛知県,常滑市,15,2,2012,2017,0.005,16.0,11.0,0,27.0
埼玉県,さいたま市見沼区,27,7,2013,2022,0.007,3.0,24.0,0,27.0
鹿児島県,伊仙町,30,3,2012,2015,0.003,1.0,26.0,2,27.0
鹿児島県,東串良町,9,5,2013,2023,0.099,2.0,25.0,0,27.0
北海道,神恵内村,2,2,2010,2011,0.004,1.0,26.0,0,27.0
秋田県,三種町,18,4,2016,2022,0.011,3.0,24.0,5,27.0
鹿児島県,曽於市,8,5,2010,2023,0.01,4.0,23.0,0,27.0
北海道,石狩市,226,2,2010,2011,0.024,4.0,23.0,0,27.0
福岡県,福岡市,7,1,2010,2010,0.007,1.0,26.0,0,27.0
岐阜県,羽島市,11,2,2013,2014,0.022,3.0,24.0,0,27.0
福岡県,添田町,9,1,2012,2012,0.003,1.0,26.0,0,27.0
埼玉県,さいたま市緑区,24,5,2013,2023,0.163,8.0,19.0,0,27.0
青森県,深浦町,8,3,2012,2014,0.008,11.0,15.0,0,26.0
熊本県,上天草市,9,3,2010,2015,0.005,0.0,26.0,0,26.0
茨城県,茨城町,25,5,2010,2019,0.016,2.0,24.0,2,26.0
福岡県,北九州市戸畑区,6,2,2013,2015,0.004,3.0,23.0,0,26.0
神奈川県,横浜市鶴見区,28,6,2013,2019,0.003,15.0,11.0,15,26.0
東京都,東大和市,9,3,2010,2019,0.003,10.0,16.0,0,26.0
愛知県,高浜市,7,1,2022,2022,0.003,0.0,26.0,0,26.0
香川県,三豊市,5,4,2015,2018,0.004,0.0,26.0,0,26.0
大阪府,大阪市西区,1,1,2012,2012,0.004,0.0,26.0,0,26.0
神奈川県,三浦市,5,2,2013,2017,0.04,14.0,12.0,0,26.0
奈良県,大和郡山市,4,3,2010,2018,0.005,0.0,25.0,0,25.0
神奈川県,横浜市栄区,4,2,2014,2019,0.002,12.0,13.0,0,25.0
群馬県,吉岡町,15,2,2010,2011,0.004,2.0,23.0,0,25.0
愛媛県,内子町,17,2,2011,2018,0.016,10.0,15.0,0,25.0
北海道,標茶町,2,1,2016,2016,0.004,0.0,25.0,0,25.0
長崎県,南島原市,12,5,2010,2017,0.025,2.0,23.0,5,25.0
埼玉県,深谷市,24,4,2011,2019,0.009,0.0,25.0,2,25.0
大阪府,四條畷市,3,1,2012,2012,0.09,6.0,19.0,0,25.0
神奈川県,相模原市緑区,24,3,2016,2019,0.008,0.0,25.0,0,25.0
徳島県,松茂町,8,4,2011,2015,0.01,5.0,20.0,0,25.0
熊本県,熊本市中央区,13,4,2012,2020,0.008,5.0,20.0,1,25.0
福岡県,大野城市,13,3,2010,2014,0.009,3.0,22.0,0,25.0
鹿児島県,湧水町,5,2,2020,2021,0.179,11.0,14.0,0,25.0
三重県,熊野市,10,1,2011,2011,0.006,3.0,22.0,0,25.0
鹿児島県,徳之島町,5,2,2010,2015,0.013,1.0,24.0,0,25.0
滋賀県,近江八幡市,6,3,2013,2018,0.022,8.0,17.0,1,25.0
福岡県,北九州市八幡西区,5,3,2013,2017,0.003,11.0,13.0,0,24.0
大阪府,大阪市大正区,4,2,2012,2015,0.001,2.0,22.0,0,24.0
岩手県,大船渡市,15,4,2010,2015,0.003,5.0,19.0,0,24.0
三重県,菰野町,7,1,2010,2010,0.005,2.0,22.0,0,24.0
愛知県,東海市,2,1,2019,2019,0.004,12.0,12.0,2,24.0
福島県,塙町,1,1,2011,2011,0.002,0.0,24.0,0,24.0
愛知県,大口町,24,3,2011,2017,0.004,1.0,23.0,0,24.0
富山県,黒部市,10,2,2010,2013,0.003,1.0,23.0,0,24.0
北海道,音更町,2,1,2016,2016,0.024,7.0,17.0,0,24.0
和歌山県,有田川町,19,1,2023,2023,0.013,16.0,8.0,13,24.0
大阪府,能勢町,4,1,2018,2018,0.002,14.0,10.0,0,24.0
北海道,帯広市,6,3,2011,2017,0.414,2.0,22.0,0,24.0
高知県,安芸市,8,1,2012,2012,0.016,3.0,21.0,0,24.0
群馬県,下仁田町,6,2,2010,2019,0.023,12.0,12.0,1,24.0
大阪府,田尻町,2,2,2014,2016,0.002,3.0,21.0,1,24.0
島根県,川本町,28,6,2011,2021,0.07,14.0,10.0,0,24.0
北海道,上ノ国町,6,2,2010,2017,0.008,0.0,24.0,0,24.0
大分県,日出町,3,1,2012,2012,0.009,7.0,17.0,0,24.0
福岡県,東峰村,4,1,2012,2012,0.003,0.0,23.0,0,23.0
鹿児島県,いちき串木野市,2,2,2020,2023,0.09,4.0,19.0,2,23.0
栃木県,茂木町,12,4,2011,2017,0.002,5.0,18.0,1,23.0
千葉県,酒々井町,2,1,2013,2013,0.025,2.0,21.0,1,23.0
北海道,滝川市,10,2,2010,2016,0.002,4.0,19.0,0,23.0
福岡県,豊前市,15,3,2012,2018,0.002,6.0,17.0,0,23.0
福岡県,糸島市,28,3,2010,2019,0.016,8.0,15.0,2,23.0
和歌山県,古座川町,6,2,2017,2018,0.008,21.0,2.0,0,23.0
青森県,藤崎町,28,4,2011,2014,0.003,0.0,23.0,0,23.0
石川県,津幡町,16,2,2013,2023,0.002,0.0,23.0,8,23.0
大阪府,大阪市福島区,1,1,2012,2012,0.002,2.0,21.0,0,23.0
滋賀県,彦根市,36,5,2013,2021,0.006,1.0,22.0,12,23.0
高知県,中土佐町,2,2,2014,2017,0.001,0.0,23.0,0,23.0
栃木県,下野市,8,3,2011,2015,0.028,13.0,10.0,0,23.0
北海道,新ひだか町,22,4,2010,2018,0.011,1.0,21.0,17,22.0
秋田県,美郷町,88,3,2017,2023,0.01,1.0,21.0,0,22.0
宮崎県,えびの市,15,2,2010,2011,0.002,2.0,20.0,0,22.0
埼玉県,毛呂山町,3,3,2016,2022,0.008,6.0,16.0,0,22.0
福岡県,北九州市若松区,9,3,2011,2017,0.004,3.0,19.0,0,22.0
石川県,志賀町,17,5,2010,2022,0.004,0.0,22.0,0,22.0
滋賀県,湖南市,11,1,2013,2013,0.005,7.0,15.0,0,22.0
埼玉県,熊谷市,13,4,2011,2019,0.004,9.0,13.0,1,22.0
埼玉県,さいたま市北区,17,6,2013,2023,0.02,2.0,20.0,0,22.0
三重県,度会町,11,1,2011,2011,0.037,19.0,3.0,0,22.0
東京都,清瀬市,5,4,2016,2020,0.001,8.0,14.0,0,22.0
山形県,尾花沢市,11,3,2010,2020,0.017,3.0,19.0,0,22.0
高知県,香南市,10,3,2010,2018,0.11,6.0,16.0,0,22.0
山梨県,身延町,14,1,2011,2011,0.005,5.0,17.0,0,22.0
鳥取県,南部町,13,4,2011,2021,0.003,7.0,14.0,0,21.0
大阪府,大阪市阿倍野区,3,2,2012,2019,0.001,0.0,21.0,0,21.0
神奈川県,伊勢原市,11,2,2014,2016,0.005,3.0,18.0,0,21.0
北海道,せたな町,41,5,2010,2017,0.005,1.0,20.0,0,21.0
宮城県,大郷町,24,5,2011,2023,0.011,9.0,12.0,1,21.0
大阪府,堺市北区,5,1,2012,2012,0.002,0.0,21.0,0,21.0
鹿児島県,長島町,4,1,2020,2020,0.023,3.0,18.0,1,21.0
宮城県,亘理町,31,1,2019,2019,0.018,7.0,14.0,0,21.0
愛知県,大府市,2,2,2013,2017,0.005,10.0,11.0,0,21.0
宮城県,東松島市,40,6,2011,2019,0.009,0.0,21.0,0,21.0
青森県,むつ市,19,3,2013,2016,0.006,2.0,19.0,0,21.0
山梨県,都留市,7,2,2017,2018,0.003,4.0,17.0,0,21.0
徳島県,美馬市,14,3,2011,2018,0.317,9.0,12.0,0,21.0
鳥取県,米子市,13,4,2010,2018,0.004,3.0,18.0,0,21.0
千葉県,君津市,13,3,2013,2019,0.005,3.0,18.0,5,21.0
京都府,京田辺市,11,5,2011,2019,0.002,1.0,20.0,0,21.0
群馬県,渋川市,14,2,2010,2016,0.004,3.0,17.0,0,20.0
埼玉県,小川町,10,2,2015,2019,0.01,12.0,8.0,1,20.0
神奈川県,座間市,15,2,2010,2013,0.004,6.0,14.0,0,20.0
千葉県,四街道市,3,3,2010,2015,0.004,2.0,18.0,1,20.0
沖縄県,名護市,8,2,2014,2021,0.005,15.0,5.0,3,20.0
宮城県,大衡村,3,2,2019,2022,0.029,4.0,16.0,0,20.0
三重県,亀山市,7,1,2012,2012,0.001,9.0,11.0,1,20.0
山形県,最上町,13,2,2015,2018,0.004,3.0,17.0,0,20.0
群馬県,沼田市,7,7,2010,2022,0.017,2.0,18.0,0,20.0
愛媛県,伊予市,12,4,2011,2018,0.003,1.0,19.0,10,20.0
埼玉県,鶴ヶ島市,3,2,2019,2022,0.008,0.0,19.0,0,19.0
青森県,今別町,16,2,2010,2022,0.003,1.0,18.0,0,19.0
埼玉県,飯能市,19,2,2016,2017,0.004,2.0,17.0,0,19.0
新潟県,妙高市,13,2,2017,2019,0.029,0.0,19.0,10,19.0
新潟県,刈羽村,13,2,2010,2011,0.013,0.0,19.0,0,19.0
和歌山県,広川町,13,1,2023,2023,0.007,8.0,11.0,1,19.0
愛知県,刈谷市,11,4,2013,2022,0.007,10.0,9.0,5,19.0
茨城県,常陸太田市,12,4,2011,2019,0.014,6.0,13.0,2,19.0
山口県,周南市,14,5,2013,2023,0.006,3.0,16.0,0,19.0
愛知県,豊明市,7,1,2013,2013,0.015,14.0,5.0,0,19.0
千葉県,神崎町,9,1,2013,2013,0.004,1.0,18.0,0,19.0
北海道,浦河町,10,1,2016,2016,0.009,6.0,12.0,0,18.0
千葉県,印西市,15,2,2013,2023,0.006,3.0,15.0,3,18.0
山形県,天童市,17,4,2015,2023,0.004,12.0,6.0,0,18.0
岩手県,久慈市,18,3,2021,2023,0.018,0.0,18.0,8,18.0
大分県,宇佐市,5,2,2012,2023,0.001,1.0,17.0,1,18.0
北海道,八雲町,18,2,2010,2013,0.006,1.0,17.0,1,18.0
京都府,長岡京市,13,7,2013,2023,0.005,3.0,15.0,0,18.0
北海道,札幌市白石区,7,4,2012,2018,0.002,2.0,16.0,5,18.0
和歌山県,みなべ町,10,1,2011,2011,0.003,2.0,16.0,0,18.0
群馬県,前橋市,15,2,2010,2011,0.005,1.0,16.0,0,17.0
東京都,西東京市,6,4,2010,2023,0.003,4.0,13.0,0,17.0
岩手県,八幡平市,8,3,2010,2022,0.007,9.0,8.0,0,17.0
茨城県,土浦市,7,2,2014,2023,0.003,6.0,11.0,6,17.0
茨城県,那珂市,18,3,2011,2016,0.006,0.0,17.0,1,17.0
大阪府,柏原市,4,1,2017,2017,0.002,0.0,17.0,3,17.0
栃木県,真岡市,4,4,2011,2015,0.004,4.0,13.0,0,17.0
広島県,坂町,1,1,2021,2021,0.003,0.0,17.0,0,17.0
福井県,小浜市,15,3,2011,2018,0.047,1.0,16.0,0,17.0
北海道,歌志内市,4,2,2011,2016,0.025,0.0,17.0,0,17.0
愛知県,豊橋市,8,4,2012,2023,0.002,3.0,14.0,3,17.0
北海道,鷹栖町,3,2,2014,2018,0.011,8.0,9.0,0,17.0
大阪府,大阪市北区,3,1,2012,2012,0.002,0.0,17.0,0,17.0
福井県,おおい町,6,3,2011,2017,0.003,0.0,17.0,0,17.0
兵庫県,上郡町,9,2,2013,2018,0.001,16.0,1.0,1,17.0
大阪府,大阪市生野区,7,2,2012,2019,0.001,0.0,17.0,0,17.0
山形県,小国町,11,1,2011,2011,0.003,3.0,13.0,0,16.0
山形県,大蔵村,25,4,2013,2020,0.003,0.0,16.0,1,16.0
埼玉県,桶川市,8,4,2011,2017,0.011,2.0,14.0,0,16.0
大阪府,大阪狭山市,1,1,2019,2019,0.005,2.0,14.0,0,16.0
神奈川県,横浜市港北区,10,5,2013,2019,0.001,10.0,6.0,2,16.0
愛媛県,東温市,18,3,2010,2017,0.002,0.0,16.0,0,16.0
福井県,高浜町,14,2,2011,2013,0.006,4.0,12.0,0,16.0
島根県,吉賀町,6,2,2013,2022,0.005,0.0,16.0,0,16.0
佐賀県,みやき町,9,3,2010,2018,0.004,0.0,16.0,1,16.0
新潟県,新潟市中央区,14,3,2013,2022,0.024,3.0,13.0,4,16.0
香川県,善通寺市,10,4,2016,2022,0.005,1.0,15.0,0,16.0
沖縄県,今帰仁村,5,3,2012,2021,0.002,8.0,8.0,0,16.0
高知県,大月町,4,2,2011,2012,0.008,1.0,15.0,0,16.0
和歌山県,上富田町,3,1,2011,2011,0.002,0.0,16.0,0,16.0
茨城県,稲敷市,4,3,2010,2023,0.03,2.0,14.0,2,16.0
愛知県,蟹江町,4,3,2012,2015,0.002,0.0,16.0,0,16.0
新潟県,出雲崎町,12,3,2011,2017,0.002,1.0,15.0,0,16.0
愛媛県,西予市,6,3,2011,2023,0.012,5.0,10.0,0,15.0
千葉県,白子町,4,1,2013,2013,0.004,0.0,15.0,0,15.0
大阪府,高石市,10,1,2022,2022,0.002,4.0,11.0,10,15.0
東京都,足立区,5,1,2011,2011,0.003,1.0,14.0,0,15.0
秋田県,上小阿仁村,8,5,2010,2022,0.005,7.0,8.0,0,15.0
北海道,斜里町,117,7,2010,2016,0.001,1.0,14.0,0,15.0
茨城県,神栖市,13,3,2011,2017,0.003,3.0,12.0,1,15.0
北海道,天塩町,12,1,2010,2010,0.004,10.0,5.0,0,15.0
茨城県,八千代町,27,5,2014,2019,0.005,4.0,11.0,0,15.0
神奈川県,相模原市,12,2,2010,2011,0.001,4.0,11.0,0,15.0
三重県,紀宝町,4,3,2011,2020,0.001,7.0,8.0,0,15.0
奈良県,広陵町,2,2,2017,2023,0.108,6.0,9.0,0,15.0
岩手県,西和賀町,11,3,2015,2023,0.005,0.0,14.0,0,14.0
青森県,鰺ヶ沢町,2,2,2013,2015,0.003,2.0,12.0,0,14.0
長野県,小海町,2,1,2019,2019,0.003,4.0,10.0,0,14.0
広島県,広島市西区,3,2,2014,2021,0.035,0.0,14.0,0,14.0
三重県,いなべ市,7,2,2011,2019,0.002,0.0,14.0,0,14.0
埼玉県,長瀞町,5,1,2019,2019,0.002,0.0,14.0,5,14.0
静岡県,御殿場市,4,3,2010,2021,0.002,8.0,6.0,0,14.0
北海道,三笠市,11,2,2010,2012,0.015,3.0,11.0,0,14.0
北海道,北斗市,17,2,2010,2013,0.002,2.0,12.0,0,14.0
愛知県,幸田町,11,5,2012,2023,0.007,5.0,9.0,0,14.0
茨城県,古河市,15,1,2015,2015,0.004,3.0,11.0,0,14.0
宮城県,七ヶ宿町,9,2,2014,2016,0.001,1.0,13.0,0,14.0
福岡県,宮若市,7,2,2010,2018,0.078,2.0,12.0,0,14.0
山形県,真室川町,6,1,2010,2010,0.0,9.0,4.0,0,13.0
静岡県,清水町,4,1,2019,2019,0.052,8.0,5.0,1,13.0
北海道,幌加内町,33,3,2010,2023,0.001,11.0,2.0,0,13.0
山形県,河北町,12,2,2018,2022,0.002,6.0,7.0,0,13.0
鹿児島県,南さつま市,4,1,2016,2016,0.005,0.0,13.0,0,13.0
奈良県,下市町,5,1,2023,2023,0.001,0.0,13.0,0,13.0
山形県,寒河江市,6,3,2014,2022,0.003,7.0,6.0,0,13.0
熊本県,熊本市南区,11,5,2012,2019,0.004,1.0,12.0,0,13.0
大阪府,大阪市住之江区,1,1,2012,2012,0.001,1.0,12.0,0,13.0
北海道,根室市,3,2,2013,2015,0.022,9.0,4.0,0,13.0
滋賀県,竜王町,7,2,2013,2017,0.002,1.0,12.0,0,13.0
福岡県,太宰府市,7,4,2014,2021,0.002,2.0,11.0,0,13.0
奈良県,生駒市,8,3,2012,2017,0.001,0.0,13.0,0,13.0
奈良県,曽爾村,7,1,2018,2018,0.012,0.0,13.0,6,13.0
兵庫県,宍粟市,13,4,2011,2018,0.003,0.0,13.0,0,13.0
福岡県,北九州市八幡東区,9,6,2011,2023,0.003,2.0,11.0,0,13.0
神奈川県,川崎市宮前区,7,4,2013,2017,0.002,4.0,8.0,0,12.0
滋賀県,米原市,6,3,2011,2014,0.003,0.0,12.0,0,12.0
青森県,外ヶ浜町,6,3,2010,2022,0.009,5.0,7.0,0,12.0
奈良県,香芝市,12,6,2010,2019,0.003,0.0,12.0,0,12.0
東京都,武蔵村山市,4,2,2016,2019,0.002,1.0,11.0,0,12.0
愛知県,瀬戸市,12,2,2011,2013,0.003,3.0,9.0,0,12.0
山梨県,山中湖村,2,2,2010,2011,0.006,0.0,12.0,0,12.0
愛知県,名古屋市瑞穂区,7,4,2011,2020,0.027,1.0,11.0,0,12.0
茨城県,東海村,5,3,2012,2016,0.001,0.0,12.0,0,12.0
福岡県,筑前町,11,2,2019,2020,0.006,1.0,11.0,11,12.0
福岡県,那珂川町,2,1,2010,2010,0.003,3.0,9.0,0,12.0
長野県,筑北村,3,1,2010,2010,0.0,2.0,10.0,0,12.0
大阪府,堺市西区,4,1,2012,2012,0.001,3.0,9.0,0,12.0
千葉県,鎌ケ谷市,10,2,2014,2015,0.002,1.0,11.0,0,12.0
神奈川県,横浜市緑区,6,3,2013,2019,0.001,6.0,5.0,0,11.0
岐阜県,関市,6,2,2010,2018,0.003,0.0,11.0,4,11.0
北海道,深川市,16,4,2011,2019,0.005,3.0,8.0,0,11.0
群馬県,みなかみ町,6,3,2011,2015,0.012,3.0,8.0,0,11.0
神奈川県,川崎市幸区,9,3,2014,2016,0.001,4.0,7.0,0,11.0
沖縄県,西原町,5,2,2013,2014,0.003,4.0,7.0,0,11.0
青森県,田舎館村,9,3,2013,2022,0.002,1.0,10.0,0,11.0
福井県,坂井市,6,2,2022,2023,0.002,0.0,11.0,0,11.0
北海道,美幌町,7,2,2010,2013,0.001,0.0,11.0,0,11.0
東京都,稲城市,8,5,2016,2023,0.003,2.0,9.0,1,11.0
千葉県,栄町,6,2,2015,2019,0.014,6.0,5.0,5,11.0
茨城県,常総市,12,5,2012,2019,0.007,1.0,10.0,0,11.0
福岡県,桂川町,6,2,2012,2018,0.002,1.0,10.0,0,11.0
青森県,六ヶ所村,7,1,2016,2016,0.003,0.0,11.0,0,11.0
佐賀県,上峰町,2,1,2021,2021,0.176,0.0,11.0,0,11.0
北海道,紋別市,7,2,2015,2016,0.002,1.0,10.0,0,11.0
山形県,大江町,2,2,2013,2019,0.001,1.0,9.0,0,10.0
鹿児島県,南大隅町,4,3,2011,2023,0.002,2.0,8.0,0,10.0
茨城県,美浦村,2,2,2014,2023,0.01,0.0,10.0,0,10.0
山形県,金山町,14,2,2010,2018,0.005,0.0,10.0,9,10.0
山梨県,富士吉田市,5,1,2011,2011,0.001,3.0,7.0,0,10.0
岐阜県,飛騨市,7,2,2014,2018,0.004,3.0,7.0,0,10.0
北海道,厚岸町,2,2,2011,2020,0.039,3.0,7.0,0,10.0
福岡県,川崎町,8,1,2012,2012,0.004,2.0,8.0,0,10.0
香川県,三木町,1,1,2017,2017,0.006,0.0,10.0,0,10.0
栃木県,大田原市,4,3,2015,2019,0.006,8.0,2.0,0,10.0
北海道,上川町,3,3,2010,2015,0.001,0.0,10.0,0,10.0
神奈川県,横浜市青葉区,6,5,2013,2019,0.001,6.0,4.0,1,10.0
山形県,東根市,11,2,2013,2020,0.002,4.0,6.0,0,10.0
鹿児島県,南種子町,5,2,2010,2013,0.001,0.0,9.0,0,9.0
東京都,荒川区,3,2,2013,2016,0.001,1.0,8.0,0,9.0
福島県,昭和村,2,1,2015,2015,0.008,0.0,9.0,0,9.0
京都府,京都市南区,8,2,2010,2014,0.001,1.0,8.0,0,9.0
北海道,興部町,6,2,2014,2016,0.007,1.0,8.0,3,9.0
福岡県,福津市,2,1,2012,2012,0.014,0.0,9.0,0,9.0
高知県,本山町,4,1,2018,2018,0.014,2.0,7.0,0,9.0
静岡県,長泉町,2,2,2013,2015,0.001,0.0,9.0,1,9.0
香川県,土庄町,7,3,2014,2018,0.001,1.0,8.0,0,9.0
北海道,黒松内町,1,1,2017,2017,0.001,2.0,7.0,0,9.0
栃木県,塩谷町,8,2,2011,2023,0.002,0.0,9.0,6,9.0
愛知県,東浦町,5,1,2013,2013,0.005,1.0,8.0,1,9.0
埼玉県,三芳町,4,1,2016,2016,0.002,0.0,9.0,4,9.0
山梨県,忍野村,3,2,2011,2013,0.001,0.0,9.0,0,9.0
大阪府,熊取町,9,3,2014,2017,0.003,0.0,9.0,0,9.0
北海道,苫小牧市,9,1,2013,2013,0.002,4.0,5.0,0,9.0
和歌山県,美浜町,5,2,2011,2018,0.001,1.0,8.0,0,9.0
沖縄県,本部町,3,2,2012,2023,0.016,0.0,9.0,0,9.0
沖縄県,大宜味村,1,1,2014,2014,0.001,1.0,8.0,0,9.0
福岡県,大任町,1,1,2012,2012,0.004,0.0,9.0,0,9.0
静岡県,静岡市,1,1,2011,2011,0.001,1.0,8.0,0,9.0
滋賀県,草津市,10,3,2010,2013,0.004,1.0,8.0,0,9.0
徳島県,東みよし町,4,3,2011,2018,0.002,1.0,8.0,0,9.0
北海道,札幌市厚別区,7,5,2012,2023,0.001,5.0,4.0,4,9.0
長野県,須坂市,7,1,2019,2019,0.001,0.0,9.0,0,9.0
大分県,由布市,5,2,2020,2021,0.01,0.0,9.0,0,9.0
鹿児島県,薩摩川内市,3,3,2011,2015,0.001,1.0,8.0,0,9.0
鳥取県,北栄町,3,2,2011,2021,0.001,0.0,9.0,0,9.0
鳥取県,八頭町,4,2,2021,2023,0.002,0.0,9.0,0,9.0
京都府,久御山町,2,2,2012,2013,0.003,8.0,0.0,0,8.0
鳥取県,岩美町,2,2,2013,2023,0.002,2.0,6.0,0,8.0
富山県,砺波市,7,3,2011,2017,0.001,0.0,8.0,0,8.0
奈良県,吉野町,8,2,2013,2014,0.0,0.0,8.0,0,8.0
埼玉県,越生町,3,1,2022,2022,0.002,3.0,5.0,2,8.0
広島県,世羅町,6,1,2018,2018,0.002,4.0,4.0,0,8.0
島根県,邑南町,7,2,2018,2020,0.001,1.0,7.0,0,8.0
石川県,珠洲市,7,2,2014,2018,0.005,2.0,6.0,0,8.0
神奈川県,横浜市港南区,8,2,2014,2019,0.001,7.0,1.0,0,8.0
神奈川県,横浜市神奈川区,8,3,2014,2019,0.001,1.0,7.0,6,8.0
滋賀県,長浜市,23,3,2010,2022,0.002,1.0,7.0,16,8.0
群馬県,富岡市,4,1,2010,2010,0.001,0.0,8.0,0,8.0
栃木県,高根沢町,4,1,2022,2022,0.01,2.0,6.0,4,8.0
福島県,須賀川市,4,3,2010,2018,0.001,0.0,8.0,1,8.0
福島県,石川町,5,2,2011,2019,0.001,0.0,8.0,0,8.0
愛知県,豊田市,6,3,2011,2013,0.001,4.0,4.0,2,8.0
埼玉県,鳩山町,5,2,2015,2022,0.006,0.0,8.0,1,8.0
静岡県,伊豆市,2,1,2019,2019,0.007,6.0,2.0,0,8.0
和歌山県,紀美野町,7,2,2012,2013,0.002,1.0,7.0,0,8.0
香川県,坂出市,4,2,2010,2011,0.0,3.0,4.0,1,7.0
鹿児島県,出水市,4,2,2012,2013,0.002,1.0,6.0,0,7.0
香川県,琴平町,5,3,2015,2018,0.002,1.0,6.0,0,7.0
京都府,伊根町,1,1,2018,2018,0.001,0.0,7.0,0,7.0
山口県,光市,1,1,2018,2018,0.0,0.0,7.0,1,7.0
香川県,小豆島町,4,2,2011,2014,0.02,0.0,7.0,0,7.0
北海道,札幌市南区,8,4,2011,2018,0.002,2.0,5.0,2,7.0
滋賀県,野洲市,6,2,2013,2014,0.004,0.0,7.0,0,7.0
福井県,鯖江市,7,1,2017,2017,0.08,6.0,1.0,0,7.0
埼玉県,横瀬町,1,1,2016,2016,0.001,0.0,7.0,0,7.0
兵庫県,稲美町,6,1,2011,2011,0.005,2.0,5.0,0,7.0
熊本県,熊本市西区,7,4,2012,2019,0.054,3.0,4.0,0,7.0
福岡県,赤村,6,1,2012,2012,0.002,0.0,7.0,0,7.0
栃木県,さくら市,6,1,2019,2019,0.002,0.0,7.0,0,7.0
新潟県,糸魚川市,8,3,2017,2023,0.009,2.0,5.0,0,7.0
徳島県,佐那河内村,4,3,2011,2016,0.003,0.0,7.0,0,7.0
愛知県,長久手町,7,1,2011,2011,0.002,1.0,6.0,0,7.0
熊本県,球磨村,3,2,2011,2012,0.002,4.0,3.0,0,7.0
大阪府,大阪市港区,1,1,2012,2012,0.002,0.0,7.0,0,7.0
岐阜県,坂祝町,1,1,2021,2021,0.003,5.0,2.0,0,7.0
北海道,札幌市東区,8,4,2012,2018,0.002,3.0,4.0,4,7.0
岐阜県,山県市,6,1,2010,2010,0.002,0.0,7.0,0,7.0
奈良県,川西町,1,1,2017,2017,0.001,0.0,7.0,0,7.0
東京都,墨田区,7,1,2014,2014,0.0,6.0,1.0,0,7.0
北海道,留萌市,5,2,2011,2014,0.0,1.0,6.0,0,7.0
鹿児島県,中種子町,1,1,2013,2013,0.001,0.0,7.0,0,7.0
神奈川県,横浜市中区,5,4,2013,2019,0.001,0.0,7.0,1,7.0
東京都,日の出町,2,1,2019,2019,0.001,0.0,7.0,0,7.0
千葉県,東金市,7,5,2011,2019,0.002,1.0,6.0,0,7.0
千葉県,横芝光町,2,2,2010,2013,0.003,1.0,6.0,0,7.0
北海道,余市町,18,2,2010,2011,0.002,1.0,6.0,0,7.0
千葉県,一宮町,4,3,2013,2019,0.016,4.0,3.0,0,7.0
石川県,輪島市,6,2,2013,2018,0.002,1.0,5.0,0,6.0
神奈川県,横浜市保土ケ谷区,2,2,2014,2019,0.001,2.0,4.0,0,6.0
山梨県,笛吹市,4,2,2011,2019,0.001,0.0,6.0,0,6.0
山梨県,甲斐市,6,3,2012,2020,0.002,0.0,6.0,0,6.0
兵庫県,新温泉町,1,1,2023,2023,0.001,6.0,0.0,0,6.0
神奈川県,横浜市旭区,6,3,2014,2019,0.001,3.0,3.0,2,6.0
岐阜県,七宗町,5,2,2018,2023,0.001,0.0,6.0,0,6.0
長野県,岡谷市,4,2,2014,2019,0.0,1.0,5.0,0,6.0
青森県,つがる市,12,2,2010,2022,0.0,0.0,6.0,0,6.0
埼玉県,鴻巣市,4,3,2011,2022,0.002,0.0,6.0,0,6.0
大阪府,堺市東区,2,1,2012,2012,0.001,0.0,6.0,0,6.0
青森県,平内町,3,3,2012,2016,0.001,0.0,6.0,3,6.0
埼玉県,ときがわ町,4,3,2011,2019,0.002,0.0,6.0,0,6.0
愛知県,名古屋市名東区,6,1,2011,2011,0.0,0.0,6.0,0,6.0
北海道,枝幸町,13,3,2010,2014,0.002,4.0,2.0,0,6.0
北海道,士別市,6,1,2010,2010,0.152,3.0,3.0,0,6.0
茨城県,ひたちなか市,4,2,2011,2014,0.001,1.0,5.0,0,6.0
群馬県,館林市,5,2,2015,2017,0.001,0.0,6.0,0,6.0
北海道,網走市,3,2,2015,2016,0.002,1.0,5.0,0,6.0
東京都,葛飾区,1,1,2014,2014,0.001,6.0,0.0,0,6.0
秋田県,八峰町,8,2,2013,2015,0.001,0.0,6.0,3,6.0
東京都,日野市,3,1,2019,2019,0.063,3.0,3.0,0,6.0
富山県,南砺市,6,1,2013,2013,0.0,0.0,6.0,0,6.0
神奈川県,横浜市都筑区,5,4,2013,2019,0.001,2.0,3.0,1,5.0
山形県,遊佐町,3,2,2010,2018,0.001,1.0,4.0,0,5.0
鹿児島県,阿久根市,3,2,2011,2012,0.0,0.0,5.0,0,5.0
北海道,札幌市中央区,2,2,2014,2018,0.001,4.0,1.0,1,5.0
東京都,国分寺市,2,2,2016,2020,0.001,0.0,5.0,2,5.0
香川県,まんのう町,2,2,2011,2017,0.001,0.0,5.0,0,5.0
岐阜県,瑞穂市,3,2,2012,2013,0.001,0.0,5.0,0,5.0
福岡県,北九州市小倉南区,3,3,2013,2015,0.001,1.0,4.0,0,5.0
大阪府,泉大津市,1,1,2014,2014,0.001,0.0,5.0,0,5.0
千葉県,千葉市美浜区,5,3,2013,2019,0.001,2.0,3.0,2,5.0
新潟県,新潟市西区,5,1,2013,2013,0.001,0.0,5.0,0,5.0
愛知県,蒲郡市,5,3,2021,2023,0.001,1.0,4.0,4,5.0
北海道,美唄市,11,2,2016,2018,0.001,0.0,5.0,0,5.0
山形県,新庄市,1,1,2022,2022,0.001,0.0,5.0,1,5.0
秋田県,羽後町,3,2,2011,2019,0.0,2.0,3.0,0,5.0
長崎県,島原市,1,1,2012,2012,0.001,5.0,0.0,0,5.0
長崎県,五島市,4,1,2011,2011,0.0,2.0,3.0,0,5.0
北海道,下川町,3,2,2010,2012,0.001,0.0,5.0,0,5.0
埼玉県,嵐山町,1,1,2022,2022,0.012,0.0,5.0,0,5.0
千葉県,銚子市,5,4,2011,2017,0.001,1.0,4.0,2,5.0
沖縄県,宮古島市,1,1,2016,2016,0.0,1.0,4.0,1,5.0
福井県,永平寺町,5,2,2011,2017,0.002,1.0,4.0,0,5.0
青森県,黒石市,5,1,2010,2010,0.0,0.0,5.0,0,5.0
島根県,隠岐の島町,4,1,2010,2010,0.0,0.0,5.0,0,5.0
埼玉県,杉戸町,4,2,2013,2015,0.0,0.0,5.0,0,5.0
高知県,南国市,4,1,2014,2014,0.003,1.0,4.0,3,5.0
山口県,和木町,3,1,2014,2014,0.003,0.0,5.0,0,5.0
熊本県,人吉市,4,1,2022,2022,0.002,3.0,2.0,0,5.0
熊本県,熊本市北区,5,3,2012,2020,0.002,1.0,4.0,0,5.0
青森県,おいらせ町,1,1,2022,2022,0.001,1.0,4.0,0,5.0
北海道,札幌市豊平区,4,4,2012,2018,0.001,2.0,3.0,2,5.0
奈良県,高取町,5,1,2017,2017,0.001,0.0,5.0,0,5.0
山口県,萩市,3,3,2010,2021,0.001,0.0,4.0,1,4.0
京都府,井手町,2,2,2013,2017,0.014,4.0,0.0,0,4.0
静岡県,森町,4,1,2014,2014,0.002,1.0,3.0,0,4.0
北海道,乙部町,7,2,2010,2013,0.002,2.0,2.0,0,4.0
高知県,大豊町,2,1,2014,2014,0.001,3.0,1.0,0,4.0
群馬県,嬬恋村,1,1,2013,2013,0.0,0.0,4.0,0,4.0
千葉県,白井市,2,1,2010,2010,0.0,1.0,3.0,0,4.0
北海道,岩内町,1,1,2011,2011,0.0,0.0,4.0,0,4.0
新潟県,新潟市秋葉区,4,1,2014,2014,0.001,0.0,4.0,0,4.0
山梨県,甲府市,4,4,2011,2022,0.001,2.0,2.0,0,4.0
北海道,更別村,3,1,2016,2016,0.005,0.0,4.0,1,4.0
東京都,町田市,4,2,2016,2019,0.0,2.0,2.0,0,4.0
京都府,京都市上京区,1,1,2014,2014,0.0,1.0,3.0,0,4.0
東京都,東久留米市,4,3,2018,2020,0.0,2.0,2.0,0,4.0
鳥取県,琴浦町,4,2,2013,2014,0.0,0.0,4.0,0,4.0
山形県,西川町,5,2,2013,2020,0.002,0.0,4.0,0,4.0
福岡県,芦屋町,1,1,2017,2017,0.002,2.0,2.0,0,4.0
北海道,新十津川町,12,3,2011,2016,0.002,0.0,4.0,0,4.0
神奈川県,横浜市南区,3,2,2014,2019,0.0,3.0,1.0,0,4.0
東京都,港区,7,1,2010,2010,0.0,3.0,1.0,0,4.0
神奈川県,横須賀市,1,1,2019,2019,0.0,0.0,4.0,0,4.0
沖縄県,恩納村,3,1,2020,2020,0.001,4.0,0.0,0,4.0
沖縄県,北谷町,2,2,2014,2015,0.001,1.0,3.0,0,4.0
埼玉県,北本市,2,2,2011,2017,0.067,4.0,0.0,0,4.0
千葉県,鋸南町,4,1,2013,2013,0.001,0.0,4.0,0,4.0
熊本県,和水町,2,1,2012,2012,0.001,0.0,4.0,0,4.0
茨城県,鹿嶋市,3,3,2011,2019,0.0,0.0,4.0,1,4.0
北海道,別海町,4,1,2018,2018,0.034,1.0,3.0,4,4.0
兵庫県,香美町,2,2,2011,2018,0.001,0.0,4.0,0,4.0
神奈川県,相模原市南区,3,2,2017,2020,0.001,3.0,1.0,1,4.0
北海道,浜中町,1,1,2013,2013,0.001,4.0,0.0,0,4.0
北海道,湧別町,1,1,2015,2015,0.028,4.0,0.0,0,4.0
鹿児島県,姶良市,2,1,2018,2018,0.001,3.0,1.0,0,4.0
鳥取県,智頭町,1,1,2023,2023,0.001,0.0,4.0,0,4.0
北海道,札幌市手稲区,4,4,2016,2023,0.001,0.0,4.0,4,4.0
北海道,札幌市北区,3,1,2018,2018,0.0,1.0,3.0,3,4.0
大阪府,堺市南区,2,1,2012,2012,0.0,0.0,4.0,0,4.0
石川県,穴水町,3,2,2010,2013,0.002,0.0,3.0,0,3.0
岩手県,北上市,1,1,2021,2021,0.005,0.0,3.0,0,3.0
岩手県,二戸市,2,1,2014,2014,0.001,0.0,3.0,0,3.0
静岡県,富士宮市,2,2,2011,2014,0.002,0.0,3.0,0,3.0
神奈川県,川崎市麻生区,4,4,2016,2020,0.0,2.0,1.0,0,3.0
奈良県,大淀町,1,1,2013,2013,0.001,0.0,3.0,0,3.0
青森県,鰺ケ沢町,3,1,2010,2010,0.0,0.0,3.0,0,3.0
宮崎県,五ヶ瀬町,3,2,2017,2022,0.001,0.0,3.0,0,3.0
長野県,南牧村,1,1,2013,2013,0.003,1.0,2.0,0,3.0
北海道,仁木町,10,3,2010,2018,0.0,2.0,1.0,0,3.0
佐賀県,玄海町,3,2,2018,2023,0.001,0.0,3.0,1,3.0
埼玉県,滑川町,7,2,2019,2022,0.003,0.0,3.0,0,3.0
長崎県,新上五島町,3,2,2018,2019,0.001,2.0,1.0,2,3.0
徳島県,板野町,2,2,2014,2017,0.0,0.0,3.0,0,3.0
長野県,佐久穂町,2,1,2015,2015,0.001,0.0,3.0,0,3.0
徳島県,つるぎ町,1,1,2014,2014,0.001,3.0,0.0,0,3.0
群馬県,中之条町,3,1,2011,2011,0.0,0.0,3.0,0,3.0
新潟県,新潟市北区,3,2,2010,2013,0.001,1.0,2.0,1,3.0
高知県,奈半利町,1,1,2012,2012,0.0,0.0,3.0,0,3.0
福島県,南会津町,1,1,2019,2019,0.0,0.0,3.0,0,3.0
佐賀県,有田町,1,1,2019,2019,0.0,3.0,0.0,1,3.0
茨城県,鉾田市,1,1,2014,2014,0.001,0.0,3.0,0,3.0
茨城県,潮来市,1,1,2014,2014,0.0,1.0,2.0,0,3.0
千葉県,袖ケ浦市,2,2,2013,2015,0.001,0.0,3.0,0,3.0
広島県,広島市安佐南区,1,1,2021,2021,0.003,2.0,1.0,0,3.0
岐阜県,笠松町,3,1,2013,2013,0.0,0.0,3.0,0,3.0
新潟県,新潟市南区,3,1,2014,2014,0.001,0.0,3.0,0,3.0
愛知県,弥富市,1,1,2012,2012,0.0,2.0,1.0,0,3.0
大阪府,松原市,1,1,2012,2012,0.0,1.0,2.0,0,3.0
群馬県,川場村,3,1,2010,2010,0.0,0.0,3.0,0,3.0
秋田県,小坂町,2,1,2013,2013,0.001,1.0,2.0,0,3.0
群馬県,みどり市,1,1,2011,2011,0.0,1.0,2.0,0,3.0
福島県,三春町,3,2,2013,2014,0.0,1.0,2.0,0,3.0
宮崎県,日之影町,2,1,2022,2022,0.0,1.0,2.0,0,3.0
香川県,綾川町,1,1,2016,2016,0.0,3.0,0.0,1,3.0
神奈川県,相模原市中央区,1,1,2016,2016,0.0,2.0,1.0,0,3.0
東京都,檜原村,1,1,2019,2019,0.0,0.0,3.0,0,3.0
福島県,只見町,3,1,2019,2019,0.001,2.0,1.0,0,3.0
北海道,喜茂別町,1,1,2011,2011,0.001,0.0,3.0,0,3.0
群馬県,安中市,3,2,2011,2017,0.001,0.0,3.0,0,3.0
群馬県,東吾妻町,2,1,2019,2019,0.001,1.0,2.0,0,3.0
宮崎県,西米良村,3,1,2022,2022,0.0,1.0,2.0,0,3.0
石川県,能登町,2,1,2014,2014,0.0,0.0,3.0,0,3.0
東京都,瑞穂町,3,1,2016,2016,0.001,3.0,0.0,2,3.0
北海道,江差町,6,2,2010,2013,0.001,2.0,1.0,0,3.0
沖縄県,豊見城市,3,3,2012,2014,0.001,1.0,2.0,0,3.0
茨城県,かすみがうら市,4,3,2010,2014,0.001,0.0,2.0,0,2.0
群馬県,邑楽町,1,1,2019,2019,0.001,2.0,0.0,0,2.0
京都府,和束町,2,2,2016,2017,0.0,0.0,2.0,0,2.0
奈良県,上牧町,1,1,2017,2017,0.0,0.0,2.0,1,2.0
石川県,宝達志水町,2,1,2013,2013,0.0,0.0,2.0,0,2.0
大阪府,堺市中区,2,1,2012,2012,0.002,0.0,2.0,0,2.0
兵庫県,神河町,2,1,2018,2018,0.0,0.0,2.0,0,2.0
大分県,豊後高田市,2,1,2023,2023,0.0,1.0,1.0,2,2.0
岡山県,鏡野町,2,2,2013,2020,0.0,0.0,2.0,0,2.0
鹿児島県,十島村,1,1,2013,2013,0.0,0.0,2.0,0,2.0
青森県,佐井村,1,1,2016,2016,0.0,0.0,2.0,0,2.0
大阪府,堺市美原区,2,1,2012,2012,0.0,0.0,2.0,0,2.0
広島県,広島市中区,2,2,2021,2022,0.001,1.0,1.0,0,2.0
北海道,今金町,7,3,2011,2017,0.0,0.0,2.0,1,2.0
岩手県,洋野町,1,1,2016,2016,0.002,0.0,2.0,0,2.0
熊本県,菊陽町,1,1,2011,2011,0.001,1.0,1.0,1,2.0
大分県,豊後大野市,2,2,2012,2014,0.0,0.0,2.0,0,2.0
北海道,札幌市清田区,2,2,2017,2021,0.0,1.0,1.0,1,2.0
茨城県,龍ケ崎市,6,3,2014,2023,0.016,1.0,1.0,0,2.0
埼玉県,小鹿野町,2,1,2011,2011,0.001,0.0,2.0,0,2.0
愛媛県,久万高原町,2,1,2013,2013,0.0,0.0,2.0,1,2.0
埼玉県,日高市,1,1,2016,2016,0.004,0.0,2.0,0,2.0
埼玉県,寄居町,2,1,2011,2011,0.0,0.0,2.0,0,2.0
愛知県,名古屋市天白区,2,1,2011,2011,0.0,0.0,2.0,0,2.0
愛知県,知立市,1,1,2023,2023,0.0,0.0,2.0,0,2.0
千葉県,芝山町,1,1,2013,2013,0.0,0.0,2.0,0,2.0
熊本県,南関町,1,1,2011,2011,0.0,1.0,1.0,0,2.0
千葉県,御宿町,1,1,2011,2011,0.0,1.0,1.0,0,2.0
岐阜県,本巣市,1,1,2010,2010,0.0,0.0,2.0,0,2.0
沖縄県,東村,1,1,2015,2015,0.0,1.0,1.0,1,2.0
和歌山県,日高川町,1,1,2017,2017,0.001,2.0,0.0,0,2.0
大阪府,富田林市,2,1,2017,2017,0.001,0.0,2.0,0,2.0
岡山県,奈義町,1,1,2018,2018,0.0,0.0,2.0,0,2.0
福岡県,北九州市門司区,2,2,2013,2014,0.001,1.0,1.0,0,2.0
東京都,多摩市,2,1,2019,2019,0.0,0.0,2.0,0,2.0
北海道,幕別町,5,1,2016,2016,0.002,0.0,2.0,0,2.0
東京都,小平市,1,1,2016,2016,0.0,2.0,0.0,0,2.0
東京都,調布市,10,5,2010,2021,0.0,1.0,1.0,1,2.0
北海道,富良野市,7,4,2010,2016,0.0,0.0,2.0,0,2.0
福島県,西郷村,2,1,2011,2011,0.0,0.0,2.0,0,2.0
奈良県,野迫川村,1,1,2013,2013,0.0,0.0,2.0,0,2.0
福岡県,福岡市博多区,1,1,2014,2014,0.0,1.0,1.0,0,2.0
香川県,東かがわ市,1,1,2014,2014,0.0,0.0,2.0,0,2.0
沖縄県,八重瀬町,1,1,2013,2013,0.001,0.0,2.0,0,2.0
栃木県,芳賀町,2,2,2015,2017,0.002,1.0,1.0,0,2.0
栃木県,益子町,2,1,2015,2015,0.001,0.0,2.0,0,2.0
石川県,野々市市,2,1,2022,2022,0.0,0.0,2.0,0,2.0
沖縄県,糸満市,2,1,2017,2017,0.001,0.0,2.0,0,2.0
栃木県,市貝町,2,1,2013,2013,0.001,0.0,2.0,0,2.0
富山県,上市町,3,3,2014,2023,0.0,0.0,2.0,0,2.0
北海道,本別町,1,1,2015,2015,0.0,0.0,2.0,0,2.0
北海道,長沼町,4,1,2012,2012,0.0,0.0,2.0,0,2.0
福島県,北塩原村,2,1,2020,2020,0.001,0.0,2.0,0,2.0
千葉県,八街市,1,1,2010,2010,0.0,0.0,2.0,0,2.0
千葉県,長生村,1,1,2023,2023,0.001,1.0,1.0,0,2.0
群馬県,片品村,2,1,2013,2013,0.0,0.0,2.0,0,2.0
岐阜県,美濃加茂市,2,2,2020,2021,0.013,2.0,0.0,0,2.0
奈良県,宇陀市,2,1,2017,2017,0.0,1.0,1.0,0,2.0
千葉県,館山市,2,1,2017,2017,0.001,0.0,2.0,2,2.0
熊本県,氷川町,1,1,2013,2013,0.001,0.0,2.0,0,2.0
北海道,遠軽町,2,1,2011,2011,0.0,2.0,0.0,0,2.0
千葉県,匝瑳市,1,1,2010,2010,0.0,0.0,1.0,0,1.0
宮崎県,高千穂町,1,1,2022,2022,0.0,0.0,1.0,0,1.0
栃木県,那珂川町,3,2,2011,2019,0.0,0.0,1.0,2,1.0
沖縄県,与那原町,1,1,2013,2013,0.001,1.0,0.0,0,1.0
福島県,天栄村,1,1,2019,2019,0.0,1.0,0.0,1,1.0
新潟県,新潟市西蒲区,1,1,2013,2013,0.0,0.0,1.0,0,1.0
千葉県,東庄町,1,1,2014,2014,0.001,0.0,1.0,0,1.0
新潟県,新潟市江南区,1,1,2014,2014,0.0,0.0,1.0,0,1.0
佐賀県,基山町,1,1,2012,2012,0.001,0.0,1.0,0,1.0
岡山県,勝央町,1,1,2013,2013,0.001,1.0,0.0,0,1.0
福岡県,吉富町,1,1,2012,2012,0.0,0.0,1.0,0,1.0
群馬県,榛東村,1,1,2011,2011,0.0,0.0,1.0,0,1.0
群馬県,板倉町,3,3,2011,2019,0.0,0.0,1.0,0,1.0
福島県,新地町,1,1,2017,2017,0.001,0.0,1.0,0,1.0
千葉県,大網白里町,1,1,2011,2011,0.0,0.0,1.0,1,1.0
東京都,府中市,1,1,2019,2019,0.0,1.0,0.0,0,1.0
北海道,当別町,2,1,2010,2010,0.001,0.0,1.0,0,1.0
北海道,名寄市,8,1,2010,2010,0.0,0.0,1.0,0,1.0
新潟県,湯沢町,1,1,2016,2016,0.0,0.0,1.0,0,1.0
新潟県,津南町,1,1,2019,2019,0.0,0.0,1.0,0,1.0
大阪府,河南町,1,1,2014,2014,0.0,1.0,0.0,0,1.0
東京都,小金井市,1,1,2018,2018,0.0,1.0,0.0,0,1.0
北海道,平取町,1,1,2010,2010,0.0,0.0,1.0,0,1.0
高知県,黒潮町,2,2,2014,2020,0.0,0.0,1.0,0,1.0
高知県,檮原町,2,2,2017,2018,0.0,0.0,1.0,0,1.0
福岡県,福智町,1,1,2010,2010,0.0,0.0,1.0,0,1.0
神奈川県,山北町,1,1,2019,2019,0.0,1.0,0.0,0,1.0
神奈川県,大磯町,1,1,2014,2014,0.0,0.0,1.0,0,1.0
神奈川県,横浜市西区,1,1,2019,2019,0.0,1.0,0.0,0,1.0
千葉県,勝浦市,1,1,2011,2011,0.001,0.0,1.0,0,1.0
愛知県,名古屋市緑区,1,1,2011,2011,0.0,0.0,1.0,0,1.0
和歌山県,串本町,1,1,2019,2019,0.001,1.0,0.0,0,1.0
茨城県,阿見町,2,2,2014,2019,0.0,0.0,1.0,0,1.0
沖縄県,宜野湾市,1,1,2021,2021,0.0,0.0,1.0,1,1.0
愛知県,新城市,1,1,2023,2023,0.0,0.0,1.0,0,1.0
長崎県,西海市,1,1,2015,2015,0.001,1.0,0.0,0,1.0
長崎県,佐世保市,1,1,2010,2010,0.0,0.0,1.0,1,1.0
佐賀県,太良町,1,1,2021,2021,0.001,0.0,1.0,0,1.0
北海道,森町,1,1,2013,2013,0.001,0.0,1.0,0,1.0
長野県,安曇野市,1,1,2020,2020,0.001,0.0,1.0,0,1.0
熊本県,南小国町,1,1,2018,2018,0.0,0.0,1.0,0,1.0
長野県,天龍村,1,1,2010,2010,0.0,0.0,1.0,0,1.0
広島県,広島市東区,1,1,2021,2021,0.001,1.0,0.0,0,1.0
北海道,共和町,1,1,2015,2015,0.0,0.0,1.0,0,1.0
青森県,三戸町,1,1,2022,2022,0.001,0.0,1.0,0,1.0
広島県,府中町,2,1,2012,2012,0.0,1.0,0.0,0,1.0
愛知県,尾張旭市,1,1,2011,2011,0.0,0.0,1.0,0,1.0
岡山県,新庄村,1,1,2018,2018,0.0,0.0,1.0,0,1.0
岡山県,里庄町,1,1,2013,2013,0.001,0.0,1.0,0,1.0
島根県,飯南町,1,1,2021,2021,0.001,0.0,1.0,0,1.0
静岡県,御前崎市,1,1,2022,2022,0.0,1.0,0.0,0,1.0
熊本県,熊本市東区,1,1,2016,2016,0.0,1.0,0.0,0,1.0
青森県,東北町,1,1,2016,2016,0.001,0.0,1.0,0,1.0
大阪府,大阪市平野区,1,1,2012,2012,0.0,0.0,1.0,0,1.0
大阪府,大阪市此花区,1,1,2012,2012,0.0,0.0,1.0,0,1.0
奈良県,五條市,2,2,2014,2017,0.311,1.0,0.0,1,1.0
青森県,階上町,1,1,2019,2019,0.0,1.0,0.0,1,1.0
青森県,板柳町,1,1,2022,2022,0.0,1.0,0.0,0,1.0
青森県,東通村,1,1,2013,2013,0.0,1.0,0.0,0,1.0
三重県,川越町,1,1,2012,2012,0.0,0.0,1.0,0,1.0
三重県,多気町,1,1,2017,2017,0.0,0.0,1.0,0,1.0
青森県,西目屋村,16,4,2012,2015,0.0,0.0,1.0,0,1.0
宮城県,色麻町,1,1,2012,2012,0.0,0.0,1.0,0,1.0
三重県,大台町,1,1,2017,2017,0.001,1.0,0.0,0,1.0
高知県,北川村,1,1,2018,2018,0.0,0.0,1.0,1,1.0
神奈川県,愛川町,1,1,2016,2016,0.002,1.0,0.0,0,1.0
北海道,白糠町,1,1,2018,2018,0.0,0.0,1.0,0,1.0
北海道,登別市,1,1,2010,2010,0.0,0.0,1.0,0,1.0
鹿児島県,鹿児島市,1,1,2010,2010,0.0,0.0,1.0,0,1.0
北海道,白老町,2,1,2013,2013,0.0,0.0,0.0,0,0.0
北海道,知内町,4,2,2021,2022,0.0,0.0,0.0,0,0.0
京都府,南丹市,1,1,2011,2011,0.0,0.0,0.0,0,0.0
奈良県,黒滝村,1,1,2015,2015,0.0,0.0,0.0,0,0.0
鳥取県,日吉津村,2,1,2011,2011,0.0,0.0,0.0,0,0.0
兵庫県,宝塚市,1,1,2014,2014,0.0,0.0,0.0,0,0.0
北海道,むかわ町,2,2,2012,2016,0.0,0.0,0.0,0,0.0
岩手県,平泉町,5,2,2011,2013,0.0,0.0,0.0,0,0.0
熊本県,相良村,1,1,2012,2012,0.0,0.0,0.0,0,0.0
北海道,札幌市西区,2,2,2011,2017,0.0,0.0,0.0,1,0.0
岐阜県,神戸町,1,1,2017,2017,0.0,0.0,0.0,0,0.0
北海道,東神楽町,2,1,2018,2018,0.0,0.0,0.0,0,0.0
北海道,遠別町,19,1,2010,2010,0.0,0.0,0.0,0,0.0
北海道,江別市,2,1,2016,2016,0.0,0.0,0.0,0,0.0
北海道,佐呂間町,7,2,2011,2013,0.0,0.0,0.0,0,0.0
北海道,剣淵町,2,1,2010,2010,0.0,0.0,0.0,0,0.0
徳島県,上板町,1,1,2011,2011,0.0,0.0,0.0,0,0.0
徳島県,那賀町,1,1,2011,2011,0.0,0.0,0.0,0,0.0
北海道,中頓別町,5,1,2010,2010,0.0,0.0,0.0,0,0.0
茨城県,城里町,1,1,2014,2014,0.0,0.0,0.0,0,0.0
北海道,美深町,1,1,2010,2010,0.0,0.0,0.0,0,0.0
北海道,美瑛町,22,3,2010,2016,0.0,0.0,0.0,0,0.0
北海道,羽幌町,26,1,2014,2014,0.0,0.0,0.0,0,0.0
北海道,苫前町,8,1,2014,2014,0.0,0.0,0.0,0,0.0
北海道,秩父別町,3,1,2011,2011,0.0,0.0,0.0,0,0.0
北海道,置戸町,45,3,2012,2016,0.0,0.0,0.0,0,0.0
京都府,宇治田原町,25,1,2014,2014,0.0,0.0,0.0,0,0.0
佐賀県,吉野ヶ里町,1,1,2010,2010,0.0,0.0,0.0,0,0.0
北海道,和寒町,49,5,2011,2016,0.0,0.0,0.0,22,0.0
北海道,小平町,1,1,2018,2018,0.0,0.0,0.0,0,0.0
福島県,桑折町,1,1,2011,2011,0.0,0.0,0.0,0,0.0
福島県,浪江町,1,1,2019,2019,0.0,0.0,0.0,0,0.0
福島県,湯川村,1,1,2022,2022,0.0,0.0,0.0,0,0.0
東京都,国立市,1,1,2019,2019,0.0,0.0,0.0,0,0.0
北海道,南富良野町,1,1,2010,2010,0.0,0.0,0.0,0,0.0
北海道,幌延町,1,1,2010,2010,0.0,0.0,0.0,0,0.0
北海道,当麻町,1,1,2011,2011,0.0,0.0,0.0,0,0.0
北海道,月形町,4,1,2016,2016,0.0,0.0,0.0,0,0.0
栃木県,野木町,1,1,2017,2017,0.0,0.0,0.0,0,0.0
北海道,音威子府村,10,1,2010,2010,0.0,0.0,0.0,0,0.0
高知県,田野町,1,1,2011,2011,0.0,0.0,0.0,0,0.0
福岡県,福岡市中央区,1,1,2018,2018,0.0,0.0,0.0,0,0.0
山形県,鮭川村,17,2,2011,2013,0.0,0.0,0.0,0,0.0
北海道,池田町,12,1,2016,2016,0.0,0.0,0.0,0,0.0
