rank,pref,pref_code,muni,did_pop_pct,yukaue,yukashita,buildings,takuchi_share,first_year,last_year,years,has_a51,a51_km2,hires_dem_pref,hires_dem,wards,typhoon_share,tsuyu_share,gou_share,etc_share
1,宮城県,4,石巻市,56.9,631.0,11041.0,11672.0,0.17964614098634718,2010,2022,9,False,,False,,,0.8947052775873886,0.0,0.10529472241261138,0.0
2,岡山県,33,岡山市,85.1,1468.0,7614.0,9082.0,0.9399355405801346,2010,2022,7,False,,False,,"北区 4,140、南区 3,702、中区 886、東区 354",0.9915216912574323,0.005505395287381634,0.002972913455186082,0.0
3,大阪府,27,守口市,100.0,649.0,7325.0,7974.0,1.0,2012,2016,3,False,,False,,,0.0,0.004138449962377728,0.9958615500376222,0.0
4,愛知県,23,名古屋市,100.0,642.0,5849.0,6491.0,1.0,2011,2023,7,False,,False,,"中村区 1,912、西区 1,439、中川区 1,308、北区 810…",0.08642736096133108,0.0012324757356339548,0.912340163303035,0.0
5,大阪府,27,寝屋川市,99.0,1241.0,5249.0,6490.0,1.0,2010,2014,4,False,,False,,,0.0007704160246533128,0.0030816640986132513,0.9961479198767335,0.0
6,福岡県,40,久留米市,62.3,2189.0,3903.0,6092.0,0.3111886347746488,2010,2023,8,False,,False,,,0.47816808929743926,0.25065659881812213,0.2711753118844386,0.0
7,秋田県,5,秋田市,79.8,1881.0,3692.0,5573.0,0.22959004905395936,2010,2023,12,False,,False,,,0.003409294814283151,0.8754710209940786,0.12111968419163825,0.0
8,福岡県,40,小郡市,70.9,4612.0,324.0,4936.0,0.18642883871772484,2010,2023,6,False,,False,,,0.3014586709886548,0.13816855753646679,0.5603727714748784,0.0
9,岡山県,33,倉敷市,64.4,623.0,4160.0,4783.0,1.0,2010,2022,10,False,,False,,,0.9941459335145306,0.0018816642274722976,0.003972402257997073,0.0
10,佐賀県,41,佐賀市,59.6,656.0,3887.0,4543.0,0.19052189165039546,2010,2023,8,False,,False,,,0.0,0.1049966982170372,0.8950033017829628,0.0
11,静岡県,22,静岡市,89.2,2684.0,1833.0,4517.0,0.9007123494925298,2011,2023,5,False,,True,DEM 0.5m（点群 LAS）,"清水区 3,086、葵区 1,091、駿河区 331",0.9982289129953509,0.0,0.0017710870046491033,0.0
12,兵庫県,28,高砂市,89.3,1033.0,3312.0,4345.0,0.9997105277441064,2011,2011,1,False,,True,DEM・DSM 1m,,1.0,0.0,0.0,0.0
13,新潟県,15,三条市,54.5,2337.0,1625.0,3962.0,0.035906738515712536,2010,2018,6,False,,False,,,0.1468955073195356,0.034073700151438666,0.8190307925290258,0.0
14,京都府,26,福知山市,50.5,1579.0,2281.0,3860.0,0.026265822784810128,2013,2023,6,False,,False,,,0.3727979274611399,0.0,0.6272020725388601,0.0
15,大阪府,27,枚方市,97.4,297.0,3274.0,3571.0,1.0,2012,2012,1,False,,False,,,0.0,0.0,1.0,0.0
16,埼玉県,11,越谷市,91.1,526.0,2548.0,3074.0,1.0,2013,2015,3,False,,False,,,0.9996746909564086,0.00032530904359141186,0.0,0.0
17,広島県,34,福山市,57.4,1185.0,1358.0,2543.0,1.0,2010,2021,10,False,,False,,,0.7927644514353126,0.1950452221785293,0.01219032638615808,0.0
18,大阪府,27,門真市,100.0,335.0,2011.0,2346.0,1.0,2012,2012,1,False,,False,,,0.0,0.02600170502983802,0.973998294970162,0.0
19,静岡県,22,浜松市,97.4,569.0,1775.0,2344.0,0.6658613958028307,2010,2023,8,False,,True,DEM 0.5m（点群 LAS）,"東区 1,131、浜北区 634、南区 290、中区 131…",0.9035836177474402,0.00469283276450512,0.09172354948805461,0.0
20,京都府,26,舞鶴市,67.6,706.0,1523.0,2229.0,0.27581664910432035,2011,2023,11,False,,False,,,0.9932705248990579,0.0013458950201884253,0.005383580080753701,0.0
21,京都府,26,宇治市,97.9,617.0,1546.0,2163.0,0.9877675840978594,2011,2021,8,False,,False,,,0.019417475728155338,0.0,0.9805825242718447,0.0
22,埼玉県,11,さいたま市,93.9,1036.0,1004.0,2040.0,1.0,2010,2023,8,False,,False,,桜区 929、岩槻区 544、中央区 127、大宮区 126…,0.9102941176470588,0.0,0.08970588235294118,0.0
23,京都府,26,京都市,100.0,664.0,1298.0,1962.0,0.9945945945945945,2010,2020,8,False,,False,,伏見区 594、右京区 500、山科区 280、左京区 175…,0.6870540265035678,0.027522935779816515,0.2854230377166157,0.0
24,大阪府,27,大阪市,100.0,101.0,1770.0,1871.0,1.0,2010,2019,3,False,,False,,東淀川区 488、旭区 164、天王寺区 148、東住吉区 143…,0.045430251202565476,0.002672367717797969,0.9518973810796365,0.0
25,宮城県,4,仙台市,96.3,1089.0,754.0,1843.0,0.02278310484190506,2010,2019,8,False,,False,,宮城野区 718、若林区 346、太白区 332、青葉区 282…,0.946825827455236,0.0,0.05317417254476397,0.0
26,埼玉県,11,春日部市,88.1,154.0,1559.0,1713.0,1.0,2010,2019,5,False,,False,,,0.9994162288382954,0.0,0.0005837711617046118,0.0
27,和歌山県,30,新宮市,52.9,864.0,836.0,1700.0,1.0,2010,2022,6,False,,False,,,0.78,0.03294117647058824,0.18705882352941178,0.0
28,兵庫県,28,姫路市,74.0,474.0,1167.0,1641.0,1.0,2010,2022,10,False,,True,DEM・DSM 1m,,0.9183424741011579,0.028641072516758074,0.05301645338208409,0.0
29,福島県,7,郡山市,74.9,877.0,574.0,1451.0,0.9164661395668615,2010,2019,9,False,,False,,,0.5430737422467264,0.048242591316333565,0.40868366643694004,0.0
30,神奈川県,14,川崎市,99.3,842.0,531.0,1373.0,1.0,2010,2020,7,False,,True,DEM 0.5m（R4 範囲は 1m・DSM も）,高津区 532、中原区 506、川崎区 139、多摩区 137…,0.8965768390386016,0.012381646030589949,0.09104151493080845,0.0
31,愛知県,23,江南市,58.8,218.0,1143.0,1361.0,1.0,2011,2023,6,False,,False,,,0.0029390154298310064,0.04922850844966936,0.9478324761204996,0.0
32,愛知県,23,一宮市,72.8,240.0,1072.0,1312.0,0.7460122699386503,2010,2022,12,False,,False,,,0.06783536585365854,0.01524390243902439,0.916920731707317,0.0
33,宮城県,4,柴田町,61.9,520.0,749.0,1269.0,0.2794759825327511,2010,2019,8,False,,False,,,0.9818754925137904,0.0,0.018124507486209612,0.0
34,京都府,26,八幡市,88.3,58.0,1136.0,1194.0,1.0,2012,2013,2,False,,False,,,0.7420435510887772,0.0,0.25795644891122277,0.0
35,和歌山県,30,和歌山市,77.0,266.0,859.0,1125.0,0.7362848893166507,2010,2023,8,False,,False,,,0.9395555555555556,0.050666666666666665,0.009777777777777778,0.0
36,埼玉県,11,朝霞市,98.1,414.0,593.0,1007.0,1.0,2010,2020,10,False,,False,,,0.45878848063555117,0.3455809334657398,0.19563058589870905,0.0
37,栃木県,9,小山市,61.2,249.0,683.0,932.0,0.32093273221270113,2011,2019,6,False,,False,,,0.9860515021459227,0.0,0.013948497854077254,0.0
38,大阪府,27,高槻市,95.2,240.0,652.0,892.0,1.0,2012,2013,2,False,,False,,,0.01905829596412556,0.0,0.9809417040358744,0.0
39,富山県,16,高岡市,50.4,274.0,606.0,880.0,0.8562980484920165,2011,2023,6,False,,False,,,0.0,0.0011363636363636363,0.9988636363636364,0.0
40,埼玉県,11,川越市,80.9,326.0,550.0,876.0,0.9475524475524477,2011,2022,6,True,7.69,False,,,0.9840182648401826,0.0,0.01598173515981735,0.0
41,埼玉県,11,川口市,98.1,270.0,574.0,844.0,1.0,2010,2023,8,False,,False,,,0.24289099526066352,0.002369668246445498,0.754739336492891,0.0
42,高知県,39,高知市,81.4,318.0,459.0,777.0,1.0,2010,2015,3,False,,False,,,0.6898326898326899,0.0,0.31016731016731014,0.0
43,山口県,35,山口市,51.0,154.0,621.0,775.0,0.9915254237288136,2010,2023,6,False,,False,,,0.0012903225806451613,0.6219354838709678,0.3767741935483871,0.0
44,広島県,34,呉市,66.5,284.0,472.0,756.0,1.0,2010,2018,3,False,,False,,,0.5251322751322751,0.4748677248677249,0.0,0.0
45,兵庫県,28,加古川市,78.2,161.0,563.0,724.0,0.9612992398064961,2011,2018,7,False,,True,DEM・DSM 1m,,0.9668508287292817,0.03314917127071823,0.0,0.0
46,宮崎県,45,宮崎市,69.1,194.0,526.0,720.0,0.27001929570670524,2012,2022,9,False,,False,,,0.9888888888888889,0.0,0.011111111111111112,0.0
47,長野県,20,長野市,73.0,28.0,686.0,714.0,0.5444954128440367,2010,2023,9,True,0.49,False,,,0.48179271708683474,0.4271708683473389,0.09103641456582633,0.0
48,新潟県,15,見附市,63.3,94.0,602.0,696.0,0.9133663366336633,2010,2017,5,False,,False,,,0.0,0.5876436781609196,0.41235632183908044,0.0
49,千葉県,12,千葉市,91.5,209.0,471.0,680.0,0.9929078014184397,2010,2023,7,False,,False,,中央区 145、稲毛区 121、緑区 87、若葉区 57…,0.5367647058823529,0.011764705882352941,0.4514705882352941,0.0
50,埼玉県,11,ふじみ野市,93.7,301.0,356.0,657.0,1.0,2015,2019,4,False,,False,,,1.0,0.0,0.0,0.0
51,岐阜県,21,多治見市,50.4,442.0,212.0,654.0,1.0,2010,2013,3,False,,False,,,0.9235474006116208,0.05963302752293578,0.016819571865443424,0.0
52,岐阜県,21,大垣市,60.5,15.0,633.0,648.0,0.6419354838709678,2011,2022,6,False,,False,,,0.2700617283950617,0.0,0.7299382716049383,0.0
53,富山県,16,富山市,59.6,50.0,579.0,629.0,1.0,2010,2023,11,True,1.28,False,,,0.022257551669316374,0.006359300476947536,0.9713831478537361,0.0
54,大阪府,27,大東市,98.8,48.0,571.0,619.0,1.0,2012,2017,3,False,,False,,,0.0016155088852988692,0.006462035541195477,0.9919224555735057,0.0
55,静岡県,22,伊豆の国市,53.1,303.0,308.0,611.0,0.30350459339911534,2010,2019,2,False,,True,DEM 0.5m（点群 LAS）,,0.9983633387888707,0.0,0.0016366612111292963,0.0
56,千葉県,12,我孫子市,86.5,135.0,464.0,599.0,1.0,2010,2023,8,False,,False,,,0.8163606010016694,0.04340567612687813,0.14023372287145242,0.0
57,埼玉県,11,幸手市,51.7,93.0,445.0,538.0,1.0,2011,2022,9,False,,False,,,0.983271375464684,0.0,0.016728624535315983,0.0
58,宮崎県,45,延岡市,66.6,265.0,268.0,533.0,0.28060171074623935,2011,2022,7,False,,False,,,0.851782363977486,0.0,0.14821763602251406,0.0
59,静岡県,22,焼津市,58.0,308.0,221.0,529.0,0.6957839886309807,2010,2022,7,False,,True,DEM 0.5m（点群 LAS）,,0.9565217391304348,0.005671077504725898,0.03780718336483932,0.0
60,神奈川県,14,横浜市,97.7,230.0,297.0,527.0,1.0,2010,2019,6,False,,True,DEM 0.5m（R4 範囲は 1m・DSM も）,瀬谷区 137、戸塚区 56、金沢区 52、磯子区 47…,0.571157495256167,0.020872865275142316,0.4079696394686907,0.0
61,大阪府,27,東大阪市,99.8,85.0,436.0,521.0,1.0,2010,2022,8,False,,False,,,0.0710172744721689,0.22840690978886757,0.7005758157389635,0.0
62,埼玉県,11,松伏町,69.0,139.0,369.0,508.0,0.9927927927927928,2013,2023,3,False,,False,,,0.9980314960629921,0.0,0.001968503937007874,0.0
63,静岡県,22,函南町,62.2,360.0,134.0,494.0,0.17660044150110374,2019,2021,2,False,,True,DEM 0.5m（点群 LAS）,,0.9898785425101214,0.010121457489878543,0.0,0.0
64,三重県,24,津市,50.1,110.0,372.0,482.0,0.017084282460136675,2010,2018,8,False,,False,,,0.9979253112033195,0.0,0.002074688796680498,0.0
65,神奈川県,14,平塚市,93.0,95.0,385.0,480.0,1.0,2013,2021,5,False,,True,DEM 0.5m（R4 範囲は 1m・DSM も）,,0.3145833333333333,0.6020833333333333,0.08333333333333333,0.0
66,福島県,7,福島市,65.5,258.0,215.0,473.0,1.0,2010,2023,11,False,,False,,,0.7949260042283298,0.010570824524312896,0.1945031712473573,0.0
67,千葉県,12,松戸市,97.8,139.0,325.0,464.0,1.0,2010,2018,6,False,,False,,,0.8556034482758621,0.10991379310344827,0.034482758620689655,0.0
68,徳島県,36,徳島市,70.6,127.0,330.0,457.0,0.07593582887700534,2011,2018,5,False,,False,,,0.9277899343544858,0.0,0.07221006564551423,0.0
69,三重県,24,四日市市,67.4,50.0,405.0,455.0,1.0,2011,2022,6,False,,False,,,0.9340659340659341,0.0,0.06593406593406594,0.0
70,新潟県,15,新潟市,75.2,75.0,379.0,454.0,1.0,2010,2022,3,False,,False,,東区 34、中央区 16、西区 5、秋葉区 4…,0.019823788546255508,0.03524229074889868,0.9449339207048458,0.0
71,埼玉県,11,草加市,99.2,91.0,359.0,450.0,1.0,2010,2023,6,False,,False,,,0.9177777777777778,0.0,0.08222222222222222,0.0
72,宮崎県,45,日向市,66.7,205.0,243.0,448.0,0.7305619707467282,2011,2023,8,False,,False,,,0.9754464285714286,0.0,0.024553571428571428,0.0
73,三重県,24,鈴鹿市,57.1,24.0,413.0,437.0,1.0,2011,2017,7,False,,False,,,0.9862700228832952,0.0,0.013729977116704805,0.0
74,愛媛県,38,松山市,83.7,31.0,400.0,431.0,1.0,2010,2022,7,False,,False,,,0.03944315545243619,0.8167053364269141,0.14385150812064965,0.0
75,静岡県,22,富士市,81.8,110.0,290.0,400.0,1.0,2010,2023,6,False,,True,DEM 0.5m（点群 LAS）,,0.95,0.0375,0.0125,0.0
76,東京都,13,板橋区,100.0,290.0,109.0,399.0,1.0,2010,2019,8,False,,True,DEM 0.25m・0.5m（点群 LAS）,,0.06015037593984962,0.015037593984962405,0.924812030075188,0.0
77,宮城県,4,多賀城市,95.2,49.0,318.0,367.0,1.0,2011,2014,2,True,6.87,False,,,1.0,0.0,0.0,0.0
78,東京都,13,練馬区,100.0,223.0,130.0,353.0,1.0,2010,2020,10,False,,True,DEM 0.25m・0.5m（点群 LAS）,,0.019830028328611898,0.031161473087818695,0.9490084985835694,0.0
79,静岡県,22,藤枝市,61.3,173.0,179.0,352.0,1.0,2012,2023,6,False,,True,DEM 0.5m（点群 LAS）,,0.9147727272727273,0.017045454545454544,0.06818181818181818,0.0
80,神奈川県,14,小田原市,87.3,39.0,312.0,351.0,1.0,2010,2021,3,False,,True,DEM 0.5m（R4 範囲は 1m・DSM も）,,0.9344729344729344,0.06552706552706553,0.0,0.0
81,宮城県,4,大河原町,72.6,136.0,214.0,350.0,0.9384513567174058,2011,2019,5,False,,False,,,1.0,0.0,0.0,0.0
82,愛知県,23,春日井市,86.8,153.0,194.0,347.0,1.0,2011,2021,7,False,,False,,,0.7060518731988472,0.0,0.29394812680115273,0.0
83,千葉県,12,市川市,97.9,151.0,190.0,341.0,1.0,2010,2015,4,False,,False,,,0.9501466275659824,0.0,0.04985337243401759,0.0
84,青森県,2,青森市,79.7,36.0,304.0,340.0,0.0545990678207933,2010,2022,6,False,,False,,,0.7323529411764705,0.1411764705882353,0.1264705882352941,0.0
85,愛知県,23,西尾市,50.8,93.0,247.0,340.0,1.0,2011,2023,7,False,,False,,,0.31470588235294117,0.0,0.6852941176470588,0.0
86,群馬県,10,伊勢崎市,50.4,81.0,233.0,314.0,0.4128440366972477,2010,2023,7,False,,False,,,0.9012738853503185,0.01910828025477707,0.07961783439490445,0.0
87,広島県,34,広島市,100.0,87.0,217.0,304.0,0.43983402489626555,2014,2022,2,True,2.5,False,,安佐北区 284、西区 14、安佐南区 3、中区 2…,0.0,0.0,1.0,0.0
88,東京都,13,狛江市,100.0,104.0,199.0,303.0,0.8976377952755906,2010,2019,5,False,,True,DEM 0.25m・0.5m（点群 LAS）,,0.9933993399339934,0.0,0.006600660066006601,0.0
89,千葉県,12,船橋市,96.0,108.0,189.0,297.0,1.0,2010,2023,6,False,,False,,,0.8451178451178452,0.06060606060606061,0.09427609427609428,0.0
90,京都府,26,城陽市,90.6,40.0,250.0,290.0,0.96,2010,2016,4,False,,False,,,0.1103448275862069,0.0,0.8896551724137931,0.0
91,京都府,26,亀岡市,68.3,97.0,189.0,286.0,0.05765199161425577,2010,2015,5,False,,False,,,0.45454545454545453,0.06643356643356643,0.479020979020979,0.0
92,千葉県,12,市原市,64.7,85.0,200.0,285.0,0.08120649651972159,2010,2023,9,False,,False,,,0.8,0.10526315789473684,0.09473684210526316,0.0
93,愛知県,23,豊川市,66.6,146.0,137.0,283.0,0.19943622269203665,2017,2023,4,False,,False,,,0.9893992932862191,0.01060070671378092,0.0,0.0
94,福井県,18,福井市,70.5,11.0,270.0,281.0,1.0,2010,2023,9,False,,False,,,0.06761565836298933,0.08185053380782918,0.8505338078291815,0.0
95,岐阜県,21,各務原市,60.6,20.0,257.0,277.0,1.0,2010,2022,12,False,,False,,,0.2779783393501805,0.16606498194945848,0.555956678700361,0.0
96,埼玉県,11,八潮市,97.1,119.0,157.0,276.0,1.0,2010,2023,5,False,,False,,,0.9855072463768116,0.0,0.014492753623188406,0.0
97,大分県,44,大分市,73.8,46.0,230.0,276.0,0.8809523809523809,2011,2018,3,False,,False,,,1.0,0.0,0.0,0.0
98,茨城県,8,取手市,73.6,12.0,254.0,266.0,0.14416058394160583,2013,2023,4,False,,False,,,0.9736842105263158,0.0,0.02631578947368421,0.0
99,埼玉県,11,富士見市,92.6,78.0,188.0,266.0,1.0,2011,2019,3,False,,False,,,0.9924812030075187,0.0,0.007518796992481203,0.0
100,東京都,13,世田谷区,100.0,130.0,135.0,265.0,1.0,2010,2021,10,False,,True,DEM 0.25m・0.5m（点群 LAS）,,0.16981132075471697,0.4339622641509434,0.39622641509433965,0.0
101,千葉県,12,佐倉市,80.8,59.0,202.0,261.0,1.0,2010,2019,6,False,,False,,,0.8544061302681992,0.0,0.14559386973180077,0.0
102,神奈川県,14,茅ヶ崎市,94.3,3.0,252.0,255.0,1.0,2010,2016,4,False,,True,DEM 0.5m（R4 範囲は 1m・DSM も）,,0.18823529411764706,0.0,0.8117647058823529,0.0
103,東京都,13,八王子市,90.6,65.0,190.0,255.0,1.0,2013,2019,5,False,,True,DEM 0.25m・0.5m（点群 LAS）,,0.996078431372549,0.00392156862745098,0.0,0.0
104,青森県,2,弘前市,68.5,158.0,94.0,252.0,0.08908045977011494,2010,2022,7,False,,False,,,0.47619047619047616,0.01984126984126984,0.503968253968254,0.0
105,千葉県,12,野田市,66.0,18.0,230.0,248.0,1.0,2010,2017,5,False,,False,,,0.5362903225806451,0.0,0.4637096774193548,0.0
106,静岡県,22,島田市,55.2,76.0,169.0,245.0,0.8526315789473684,2011,2022,5,False,,True,DEM 0.5m（点群 LAS）,,0.8326530612244898,0.053061224489795916,0.11428571428571428,0.0
107,新潟県,15,加茂市,62.2,16.0,225.0,241.0,1.0,2010,2022,5,False,,False,,,0.02074688796680498,0.0,0.979253112033195,0.0
108,岐阜県,21,岐阜市,75.5,22.0,217.0,239.0,0.744988864142539,2010,2022,9,False,,False,,,0.10460251046025104,0.28451882845188287,0.6108786610878661,0.0
109,群馬県,10,高崎市,54.1,17.0,217.0,234.0,0.9391304347826086,2010,2019,8,False,,False,,,0.3418803418803419,0.008547008547008548,0.6495726495726496,0.0
110,宮城県,4,名取市,70.1,81.0,148.0,229.0,0.05073214021594439,2017,2019,2,False,,False,,,1.0,0.0,0.0,0.0
111,島根県,32,松江市,52.3,27.0,202.0,229.0,1.0,2010,2023,8,False,,False,,,0.004366812227074236,0.62882096069869,0.36681222707423583,0.0
112,愛知県,23,大治町,97.5,8.0,218.0,226.0,1.0,2012,2021,5,False,,False,,,0.5353982300884956,0.0,0.4646017699115044,0.0
113,東京都,13,大田区,100.0,109.0,117.0,226.0,1.0,2013,2023,7,False,,True,DEM 0.25m・0.5m（点群 LAS）,,0.4690265486725664,0.4026548672566372,0.12831858407079647,0.0
114,東京都,13,目黒区,100.0,142.0,80.0,222.0,1.0,2013,2020,8,False,,True,DEM 0.25m・0.5m（点群 LAS）,,0.03153153153153153,0.6621621621621622,0.3063063063063063,0.0
115,三重県,24,桑名市,54.0,26.0,187.0,213.0,1.0,2011,2020,8,False,,False,,,0.1784037558685446,0.0,0.8215962441314554,0.0
116,奈良県,29,大和高田市,74.3,13.0,200.0,213.0,1.0,2010,2023,6,False,,False,,,0.17370892018779344,0.2112676056338028,0.6150234741784038,0.0
117,奈良県,29,奈良市,87.1,22.0,191.0,213.0,1.0,2010,2018,8,False,,False,,,0.352112676056338,0.0,0.647887323943662,0.0
118,大阪府,27,交野市,94.9,35.0,168.0,203.0,1.0,2012,2017,4,False,,False,,,0.03940886699507389,0.029556650246305417,0.9310344827586207,0.0
119,埼玉県,11,志木市,99.5,17.0,184.0,201.0,1.0,2013,2023,5,False,,False,,,1.0,0.0,0.0,0.0
120,福岡県,40,北九州市,99.4,42.0,154.0,196.0,1.0,2011,2023,6,False,,False,,小倉北区 104、戸畑区 26、八幡西区 24、若松区 22…,0.07653061224489796,0.9081632653061225,0.015306122448979591,0.0
121,北海道,1,釧路町,53.3,92.0,103.0,195.0,1.0,2010,2015,4,False,,False,,,0.005128205128205128,0.0,0.9948717948717949,0.0
122,宮城県,4,塩竈市,89.5,90.0,104.0,194.0,1.0,2014,2019,2,False,,False,,,1.0,0.0,0.0,0.0
123,東京都,13,豊島区,100.0,123.0,71.0,194.0,1.0,2011,2019,4,False,,True,DEM 0.25m・0.5m（点群 LAS）,,0.1134020618556701,0.0,0.8865979381443299,0.0
124,大阪府,27,摂津市,99.8,52.0,139.0,191.0,1.0,2012,2013,2,False,,False,,,0.0,0.0,1.0,0.0
125,埼玉県,11,三郷市,92.5,85.0,104.0,189.0,1.0,2010,2015,4,False,,False,,,0.9788359788359788,0.0,0.021164021164021163,0.0
126,東京都,13,青梅市,79.1,96.0,92.0,188.0,1.0,2016,2019,2,False,,True,DEM 0.25m・0.5m（点群 LAS）,,1.0,0.0,0.0,0.0
127,広島県,34,大竹市,83.1,33.0,154.0,187.0,1.0,2014,2023,5,False,,False,,,0.9893048128342246,0.0053475935828877,0.0053475935828877,0.0
128,東京都,13,品川区,100.0,96.0,90.0,186.0,1.0,2010,2023,8,False,,True,DEM 0.25m・0.5m（点群 LAS）,,0.15053763440860216,0.2903225806451613,0.5591397849462365,0.0
129,大阪府,27,泉佐野市,82.7,37.0,147.0,184.0,1.0,2014,2014,1,False,,False,,,1.0,0.0,0.0,0.0
130,大阪府,27,豊中市,100.0,9.0,174.0,183.0,1.0,2012,2014,3,False,,False,,,0.0546448087431694,0.0,0.9453551912568307,0.0
131,大阪府,27,吹田市,100.0,15.0,165.0,180.0,1.0,2010,2020,8,False,,False,,,0.13333333333333333,0.0,0.8666666666666667,0.0
132,東京都,13,江戸川区,100.0,72.0,107.0,179.0,1.0,2010,2016,5,False,,True,DEM 0.25m・0.5m（点群 LAS）,,0.45251396648044695,0.0,0.547486033519553,0.0
133,福岡県,40,大牟田市,82.5,70.0,108.0,178.0,0.06790123456790123,2018,2023,6,True,17.5,False,,,0.09550561797752809,0.8595505617977528,0.0449438202247191,0.0
134,静岡県,22,沼津市,85.7,93.0,83.0,176.0,0.3736196319018405,2010,2023,9,False,,True,DEM 0.5m（点群 LAS）,,0.6988636363636364,0.20454545454545456,0.09659090909090909,0.0
135,愛知県,23,岡崎市,77.9,48.0,127.0,175.0,0.7499999999999999,2011,2023,6,False,,False,,,0.92,0.005714285714285714,0.07428571428571429,0.0
136,岩手県,3,盛岡市,81.3,2.0,166.0,168.0,0.1042634022794428,2010,2022,5,False,,False,,,0.0,0.0,1.0,0.0
137,兵庫県,28,伊丹市,99.9,53.0,110.0,163.0,1.0,2010,2014,4,False,,True,DEM・DSM 1m,,0.0,0.006134969325153374,0.9938650306748467,0.0
138,東京都,13,杉並区,100.0,115.0,48.0,163.0,1.0,2010,2023,11,False,,True,DEM 0.25m・0.5m（点群 LAS）,,0.05521472392638037,0.06134969325153374,0.8834355828220859,0.0
139,愛知県,23,清須市,86.3,5.0,156.0,161.0,1.0,2012,2016,3,False,,False,,,0.006211180124223602,0.0,0.9937888198757764,0.0
140,鳥取県,31,鳥取市,55.2,32.0,128.0,160.0,0.4481605351170569,2011,2023,6,True,8.08,True,DEM 0.5m,,0.58125,0.3875,0.03125,0.0
141,奈良県,29,田原本町,60.3,10.0,146.0,156.0,0.8028846153846154,2010,2023,6,False,,False,,,0.5256410256410257,0.038461538461538464,0.4358974358974359,0.0
142,埼玉県,11,吉川市,82.9,49.0,102.0,151.0,1.0,2011,2023,4,False,,False,,,0.9867549668874173,0.0,0.013245033112582781,0.0
143,滋賀県,25,栗東市,69.8,6.0,141.0,147.0,1.0,2010,2021,5,False,,False,,,0.9319727891156463,0.006802721088435374,0.061224489795918366,0.0
144,愛知県,23,小牧市,79.0,6.0,133.0,139.0,1.0,2013,2019,5,False,,False,,,0.02877697841726619,0.0,0.9712230215827338,0.0
145,神奈川県,14,鎌倉市,96.4,96.0,43.0,139.0,1.0,2014,2014,1,False,,True,DEM 0.5m（R4 範囲は 1m・DSM も）,,1.0,0.0,0.0,0.0
146,北海道,1,岩見沢市,59.3,53.0,86.0,139.0,0.3271948608137045,2010,2012,2,False,,False,,,0.0,0.0,1.0,0.0
147,長崎県,42,大村市,70.2,83.0,51.0,134.0,1.0,2020,2020,1,False,,False,,,0.0,1.0,0.0,0.0
148,栃木県,9,宇都宮市,77.8,46.0,85.0,131.0,1.0,2014,2018,5,False,,False,,,0.8244274809160306,0.0,0.17557251908396945,0.0
149,青森県,2,八戸市,70.4,31.0,99.0,130.0,0.14035087719298245,2010,2019,8,True,16.49,False,,,0.5384615384615384,0.0,0.46153846153846156,0.0
150,東京都,13,武蔵野市,100.0,49.0,77.0,126.0,1.0,2010,2018,4,False,,True,DEM 0.25m・0.5m（点群 LAS）,,0.0,0.0,1.0,0.0
151,東京都,13,渋谷区,100.0,91.0,32.0,123.0,1.0,2010,2021,5,False,,True,DEM 0.25m・0.5m（点群 LAS）,,0.18699186991869918,0.016260162601626018,0.7967479674796748,0.0
152,埼玉県,11,蓮田市,68.9,0.0,123.0,123.0,0.09090909090909091,2013,2016,2,False,,False,,,1.0,0.0,0.0,0.0
153,京都府,26,向日市,99.6,9.0,113.0,122.0,0.0670391061452514,2010,2015,4,False,,False,,,0.9426229508196722,0.0,0.05737704918032787,0.0
154,栃木県,9,足利市,63.0,55.0,66.0,121.0,0.9574956921309592,2014,2019,3,False,,False,,,0.7024793388429752,0.2975206611570248,0.0,0.0
155,東京都,13,北区,100.0,70.0,49.0,119.0,1.0,2010,2018,6,False,,True,DEM 0.25m・0.5m（点群 LAS）,,0.0,0.03361344537815126,0.9663865546218487,0.0
156,東京都,13,文京区,100.0,92.0,21.0,113.0,1.0,2010,2021,6,False,,True,DEM 0.25m・0.5m（点群 LAS）,,0.10619469026548672,0.008849557522123894,0.8849557522123894,0.0
157,大阪府,27,堺市,95.4,14.0,98.0,112.0,1.0,2010,2012,2,False,,False,,堺区 34、北区 21、西区 12、東区 6…,0.6607142857142857,0.017857142857142856,0.32142857142857145,0.0
158,東京都,13,三鷹市,100.0,40.0,72.0,112.0,1.0,2011,2019,6,False,,True,DEM 0.25m・0.5m（点群 LAS）,,0.026785714285714284,0.39285714285714285,0.5803571428571429,0.0
159,神奈川県,14,秦野市,88.8,64.0,47.0,111.0,1.0,2010,2015,5,False,,True,DEM 0.5m（R4 範囲は 1m・DSM も）,,0.09009009009009009,0.2882882882882883,0.6216216216216216,0.0
160,熊本県,43,荒尾市,50.8,9.0,101.0,110.0,1.0,2020,2021,2,False,,False,,,0.0,0.9363636363636364,0.06363636363636363,0.0
161,神奈川県,14,藤沢市,94.1,53.0,56.0,109.0,1.0,2013,2017,5,False,,True,DEM 0.5m（R4 範囲は 1m・DSM も）,,1.0,0.0,0.0,0.0
162,東京都,13,立川市,99.6,14.0,93.0,107.0,1.0,2010,2022,5,False,,True,DEM 0.25m・0.5m（点群 LAS）,,0.6355140186915887,0.07476635514018691,0.2897196261682243,0.0
163,山口県,35,下関市,65.7,3.0,104.0,107.0,0.9927272727272727,2010,2015,4,False,,False,,,0.7850467289719626,0.18691588785046728,0.028037383177570093,0.0
164,北海道,1,釧路市,89.7,12.0,94.0,106.0,1.0,2013,2021,3,False,,False,,,0.9811320754716981,0.0,0.018867924528301886,0.0
165,埼玉県,11,新座市,94.3,32.0,72.0,104.0,1.0,2010,2017,5,False,,False,,,0.4423076923076923,0.22115384615384615,0.33653846153846156,0.0
166,熊本県,43,益城町,65.6,21.0,82.0,103.0,1.0,2016,2016,1,False,,False,,,0.0,1.0,0.0,0.0
167,埼玉県,11,坂戸市,67.7,42.0,60.0,102.0,0.05711743772241993,2017,2022,3,False,,False,,,0.9705882352941176,0.0,0.029411764705882353,0.0
