positive,positive_km2,method,pr_auc,capture@5%,capture@10%,capture@20%,lift@5%,lift@10%,lift@20%,csi_area_matched,pred_km2,precision,recall,csi
全区分,6.4618,ランダム,0.2949,0.0500,0.1000,0.2000,1.0000,1.0000,1.0000,0.1730,,,,
全区分,6.4618,標高だけ（低いほど危ない）,0.3590,0.0339,0.1128,0.2791,0.6778,1.1284,1.3957,0.2470,,,,
全区分,6.4618,B0 窪地深,0.3577,0.0809,0.1234,0.2313,1.6177,1.2341,1.1563,0.2363,,,,
全区分,6.4618,B0b 掘り抜き10m＋窪地深,0.3550,0.0787,0.1270,0.2748,1.5732,1.2703,1.3741,0.2570,,,,
全区分,6.4618,B0b 掘り抜き20m＋窪地深,0.3610,0.0948,0.1856,0.3009,1.8964,1.8557,1.5044,0.2375,,,,
全区分,6.4618,B0b 掘り抜き30m＋窪地深,0.3476,0.0911,0.1824,0.2815,1.8229,1.8238,1.4074,0.2246,,,,
全区分,6.4618,B0b 掘り抜き50m＋窪地深,0.3288,0.0863,0.1611,0.2543,1.7257,1.6111,1.2716,0.2069,,,,
全区分,6.4618,B0b 掘り抜き100m＋窪地深,0.3192,0.0846,0.1343,0.2305,1.6926,1.3426,1.1523,0.1917,,,,
全区分,6.4618,B0 窪地深≥0.1m・面積≥0m²,,,,,,,,,7.3158,0.3955,0.4477,0.2658
全区分,6.4618,B0 窪地深≥0.1m・面積≥100m²,,,,,,,,,7.1758,0.3972,0.4410,0.2642
全区分,6.4618,B0 窪地深≥0.1m・面積≥1000m²,,,,,,,,,6.9710,0.3989,0.4304,0.2611
0.3m以上,1.5243,ランダム,0.0696,0.0500,0.1000,0.2000,1.0000,1.0000,1.0000,0.0360,,,,
0.3m以上,1.5243,標高だけ（低いほど危ない）,0.1073,0.0931,0.2017,0.3495,1.8615,2.0167,1.7473,0.0771,,,,
0.3m以上,1.5243,B0 窪地深,0.1829,0.1763,0.2337,0.4065,3.5261,2.3366,2.0325,0.1141,,,,
0.3m以上,1.5243,B0b 掘り抜き10m＋窪地深,0.1791,0.1581,0.2343,0.5123,3.1623,2.3426,2.5616,0.1005,,,,
0.3m以上,1.5243,B0b 掘り抜き20m＋窪地深,0.2249,0.2681,0.4231,0.5250,5.3617,4.2308,2.6251,0.2049,,,,
0.3m以上,1.5243,B0b 掘り抜き30m＋窪地深,0.1928,0.2434,0.3810,0.4621,4.8677,3.8095,2.3107,0.1833,,,,
0.3m以上,1.5243,B0b 掘り抜き50m＋窪地深,0.1715,0.2374,0.3401,0.4134,4.7473,3.4005,2.0669,0.1732,,,,
0.3m以上,1.5243,B0b 掘り抜き100m＋窪地深,0.1547,0.2099,0.2545,0.3374,4.1971,2.5454,1.6869,0.1295,,,,
0.3m以上,1.5243,B0 窪地深≥0.1m・面積≥0m²,,,,,,,,,7.3158,0.1516,0.7276,0.1435
0.3m以上,1.5243,B0 窪地深≥0.1m・面積≥100m²,,,,,,,,,7.1758,0.1536,0.7229,0.1450
0.3m以上,1.5243,B0 窪地深≥0.1m・面積≥1000m²,,,,,,,,,6.9710,0.1549,0.7083,0.1456
0.5m以上,0.6274,ランダム,0.0286,0.0500,0.1000,0.2000,1.0000,1.0000,1.0000,0.0145,,,,
0.5m以上,0.6274,標高だけ（低いほど危ない）,0.0557,0.1604,0.2488,0.3609,3.2071,2.4879,1.8046,0.0480,,,,
0.5m以上,0.6274,B0 窪地深,0.1353,0.2664,0.3314,0.5219,5.3271,3.3137,2.6093,0.1142,,,,
0.5m以上,0.6274,B0b 掘り抜き10m＋窪地深,0.1298,0.2314,0.3393,0.6219,4.6275,3.3927,3.1096,0.1007,,,,
0.5m以上,0.6274,B0b 掘り抜き20m＋窪地深,0.1909,0.4065,0.5349,0.6054,8.1307,5.3492,3.0268,0.1579,,,,
0.5m以上,0.6274,B0b 掘り抜き30m＋窪地深,0.1566,0.3450,0.4624,0.5286,6.9003,4.6241,2.6430,0.1386,,,,
0.5m以上,0.6274,B0b 掘り抜き50m＋窪地深,0.1440,0.3331,0.4168,0.4816,6.6619,4.1684,2.4082,0.1409,,,,
0.5m以上,0.6274,B0b 掘り抜き100m＋窪地深,0.1481,0.2991,0.3382,0.4118,5.9816,3.3822,2.0588,0.1444,,,,
0.5m以上,0.6274,B0 窪地深≥0.1m・面積≥0m²,,,,,,,,,7.3158,0.0682,0.7952,0.0670
0.5m以上,0.6274,B0 窪地深≥0.1m・面積≥100m²,,,,,,,,,7.1758,0.0692,0.7910,0.0679
0.5m以上,0.6274,B0 窪地深≥0.1m・面積≥1000m²,,,,,,,,,6.9710,0.0694,0.7709,0.0680
